Workbook

Sheet GIAM
A2: TẬP ĐOÀN HÓA CHẤT VIỆT NAM | H2: CỘNG HÒA XÃ HỘI CHỦ NGHĨA VIỆT NAM
A3: CTY CP PHÂN BÓN & HÓA CHẤT CẦN THƠ | H3: Độc lập - Tự do - Hạnh phúc
H4: Cần Thơ, ngày tháng năm 2026
A6: BÁO CÁO GIẢM NHÂN SỰ TRONG CÁC THÁNG NĂM 2026
A8: THÁNG | B8: STT | C8: MS | D8: HỌ VÀ TÊN | E8: NGÀY SINH | F8: NGÀY VÀO LÀM | G8: SỐ QUYÉT ĐỊNH | H8: NGÀY KÝ QUYẾT ĐỊNH | I8: ĐƠN VỊ CÔNG TÁC | J8: GHI CHÚ
A9: 01
B10: 1 | C10: 1 | D10: Nguyễn Văn Trí | I10: XNPBHC | J10: ST
B11: 2 | C11: 2 | D11: Đào Duy Khanh | I11: XNPBHC
B12: 3 | C12: 3 | D12: Bùi Đặng Anh Thùy | I12: Giám sát
B13: 4 | C13: 4 | D13: Nguyễn Hàm Chất | I13: Giám sát
A15: 3 | B15: 1 | C15: 5 | D15: Lại Văn Minh | F15: 45807 | G15: 23/QĐ-PBHC | H15: 46082 | I15: XNPBHC
B16: 2 | C16: 6 | D16: Nguyễn Hữu Thạnh | F16: 45461 | G16: 24/QĐ-PBHC | H16: 46083 | I16: XNPBHC
B17: 3 | C17: 7 | D17: Lê Võ Nhật Khoa | F17: 45962 | G17: 25/QĐ-PBHC | H17: 46083 | I17: KHVT
B18: 4 | C18: 8 | D18: Huỳnh Minh Thư | F18: 45903 | G18: 26/QĐ-PBHC | H18: 46083 | I18: XNPBHC
B19: 5 | C19: 9 | D19: Đặng Bảo | F19: 46172 | G19: 27/QĐ-PBHC | H19: 46083 | I19: XNPBHC
B20: 6 | C20: 10 | D20: Huỳnh Văn Bình | F20: 46023 | G20: 28/QĐ-PBHC | H20: 46083 | I20: XNPBHC
B21: 7 | C21: 11 | D21: Hoàng Văn Tư | G21: 30/QĐ-PBHC | H21: 46083 | I21: XNPBHC | J21: ST
B22: 8 | C22: 12 | D22: Quách Trung Hậu | G22: 31/QĐ-PBHC | H22: 46091 | I22: XNPBHC | J22: ST
B23: 9 | C23: 13 | D23: Nguyễn Hoàng Anh | G23: 32/QĐ-PBHC | H23: 46091 | I23: XNPBHC
B24: 10 | C24: 14 | D24: Trần Văn Tươi
A26: 4 | B26: 1 | C26: 15 | D26: Lâm Văn Đời | G26: 33/QĐ-PBHC | H26: 46096 | I26: XNPBHC
B27: 2 | C27: 16 | D27: Trần Thị Bảo Hân | G27: 34/QĐ-PBHC | H27: 46097 | I27: XNPBHC
B28: 3 | C28: 17 | D28: Lê Chí Cường | G28: 35/QĐ-PBHC | H28: 46122 | I28: XNPBHC
B29: 4 | C29: 18 | D29: Nguyễn Thiện Hoàng | G29: 36/QĐ-PBHC | H29: 46122 | I29: XNPBHC
B30: 5 | C30: 19 | D30: Trần Văn De | G30: 44/QĐ-PBHC | H30: 46112 | I30: XNPBHC
B31: 6 | C31: 20 | D31: Lê Thanh Tùng | G31: 46/QĐ-PBHC | H31: 46125 | I31: XNPBHC
A33: 5 | B33: 1 | C33: 21 | D33: Nguyễn Thị Búp | G33: 43/QĐ-PBHC | H33: 46146 | I33: Giám sát
B34: 2 | C34: 22 | D34: Lâm Duy | G34: 41/QĐ-PBHC | H34: 46154 | I34: XNPBHC
B35: 3 | C35: 23 | D35: Phan Văn Nhẫn | G35: 48/QĐ-PBHC | H35: 46154 | I35: XNPBHC
B36: 4 | C36: 24 | D36: Lê Minh Thảo | G36: 47/QĐ-PBHC | H36: 46148 | I36: XNPBHC
B37: 5 | C37: 25 | D37: Nguyễn Văn Đông | G37: 49/QĐ-PBHC | H37: 46141 | I37: XNPBHC
B38: 6 | C38: 26 | D38: Nguyễn Kiến Văn | G38: 45/QĐ-PBHC | H38: 46119 | I38: XNPBHC
B39: 7 | C39: 27 | D39: Lê Minh Thuận | G39: 73/QĐ-PBHC | H39: 46154 | I39: XNPBHC
B40: 8 | C40: 28 | D40: Lê Văn Thêm | G40: 72/QĐ-PBHC | H40: 46153 | I40: XNPBHC
A41: 6
B42: 1 | C42: 29 | D42: Nguyễn Toàn Thái | G42: 42//QĐ-PBHC | H42: 46160 | I42: KTCĐ
B43: 2 | C43: 30 | D43: Nguyễn Công Phương | G43: 42//QĐ-PBHC | H43: 46185 | I43: KTCĐ
B44: 3 | C44: 31 | D44: Hoàng Mạnh Hùng | G44: 66//QĐ-PBHC | H44: 46187 | I44: KTCĐ
A46: 7 | B46: 1 | D46: Nguyễn Hứa Kim Thảo | G46: 67//QĐ-PBHC | H46: 46193 | I46: PKD
D47: Hồ Xuân Việt | H47: 46204 | I47: Kho
D48: Trương Thị Diễm My
D49: Nguyễn Hoàng Khang
A50: 8
D51: Nguyễn Bá Tiến
D52: Võ Hùng Anh | H52: 46230
D53: Lý Văn Hoàng | H53: 46230
B104: Giảm Tháng 1: | D104: Trần Thị Huyền Trang
D105: Phạm Hoàng Thái

Sheet Sheet8
A1: A268 | B1: 9213003755 | C1: Nguyễn Công Huân | D1: =VLOOKUP(A1,#REF!,2,0) -> #REF! | E1: 1
A2: A035 | B2: 5496032611 | C2: Nguyễn Nam Bình | D2: =VLOOKUP(A2,#REF!,2,0) -> #REF! | E2: 2
A3: A279 | B3: 9212004554 | C3: Nguyễn Thanh Duy | D3: =VLOOKUP(A3,#REF!,2,0) -> #REF! | E3: 3
A4: A255 | B4: 9212004139 | C4: Trầm Trung Bích Thảo | D4: =VLOOKUP(A4,#REF!,2,0) -> #REF! | E4: 4
A5: A289 | B5: 5499003403 | C5: Hoàng Thị Thanh Mai | D5: =VLOOKUP(A5,#REF!,2,0) -> #REF! | E5: 5
A6: A215 | B6: 9208007865 | C6: Nguyễn Thị Mỹ Nhiên | D6: =VLOOKUP(A6,#REF!,2,0) -> #REF! | E6: 6
A7: A358 | B7: 9221356007 | C7: Trần Ngọc Bảo Trân | D7: =VLOOKUP(A7,#REF!,2,0) -> #REF! | E7: 7
A8: A369 | B8: 8722989947 | C8: Phan Thanh Trường | D8: =VLOOKUP(A8,#REF!,2,0) -> #REF! | E8: 8
A9: A408 | C9: Trần Chí Đan | D9: =VLOOKUP(A9,#REF!,2,0) -> #REF! | E9: 9
A10: A385 | B10: 8923922038 | C10: Nguyễn Thị Thùy Miên | D10: =VLOOKUP(A10,#REF!,2,0) -> #REF! | E10: 10
A11: A131 | B11: 5402005143 | C11: Trần Ngọc Văn | D11: =VLOOKUP(A11,#REF!,2,0) -> #REF! | E11: 11
A12: C109 | B12: 5496032498 | C12: Lê Huy Minh | D12: =VLOOKUP(A12,#REF!,2,0) -> #REF! | E12: 12
A13: A288 | B13: 9214004739 | C13: Nguyễn Hải Đăng | D13: =VLOOKUP(A13,#REF!,2,0) -> #REF! | E13: 13
A14: A339 | B14: 9216023928 | C14: Lê Minh Toàn | D14: =VLOOKUP(A14,#REF!,2,0) -> #REF! | E14: 14
A15: C562 | B15: 9121911947 | C15: Trần Ngọc Sáng | D15: =VLOOKUP(A15,#REF!,2,0) -> #REF! | E15: 15
A16: A246 | B16: 9210002398 | C16: Trần Minh Giàu | D16: =VLOOKUP(A16,#REF!,2,0) -> #REF! | E16: 16
A17: A025 | B17: 5400002896 | C17: Nguyễn Thị Xuân Diệu | D17: =VLOOKUP(A17,#REF!,2,0) -> #REF! | E17: 17
A18: A327 | B18: 7912294379 | C18: Lê Trung Hiếu | D18: =VLOOKUP(A18,#REF!,2,0) -> #REF! | E18: 18
A19: H062 | B19: 9213008128 | C19: Lê Bằng Thẳng | D19: =VLOOKUP(A19,#REF!,2,0) -> #REF! | E19: 19
A20: A328 | B20: 9216001664 | C20: Huỳnh Phú Nhân | D20: =VLOOKUP(A20,#REF!,2,0) -> #REF! | E20: 20
A21: A367 | B21: 9222306746 | C21: Lương Phú Vinh | D21: =VLOOKUP(A21,#REF!,2,0) -> #REF! | E21: 21
... A25: A403 | B25: 8922957383 | C25: Ngô Văn Tài | D25: =VLOOKUP(A25,#REF!,2,0) -> #REF! | E25: 25
A26: A410 | C26: Huỳnh Văn Linh | D26: =VLOOKUP(A26,#REF!,2,0) -> #REF! | E26: 26
A27: A394 | B27: 9222451383 | C27: Nguyễn Hứa Kim Thảo | D27: =VLOOKUP(A27,#REF!,2,0) -> #REF! | E27: 27
A28: A198 | B28: 5803003379 | C28: Nguyễn Duy Vũ | D28: =VLOOKUP(A28,#REF!,2,0) -> #REF! | E28: 28
A29: A235 | B29: 9210009440 | C29: Phùng Thị Ngọc Thanh | D29: =VLOOKUP(A29,#REF!,2,0) -> #REF! | E29: 29
A30: A245 | B30: 9211007268 | C30: Trần Thị Lệ Thúy | D30: =VLOOKUP(A30,#REF!,2,0) -> #REF! | E30: 30
A31: A362 | B31: 9321603490 | C31: Trần Ngọc Huyền | D31: =VLOOKUP(A31,#REF!,2,0) -> #REF! | E31: 31
A32: A363 | B32: 9221280985 | C32: Nguyễn Thị Hà Thảo | D32: =VLOOKUP(A32,#REF!,2,0) -> #REF! | E32: 32
A33: A379 | B33: 9221417204 | C33: Tiêu Tú Châu | D33: =VLOOKUP(A33,#REF!,2,0) -> #REF! | E33: 33
A34: A406 | B34: 8422038337 | C34: Hà Minh Hiền | D34: =VLOOKUP(A34,#REF!,2,0) -> #REF! | E34: 34
A35: A407 | B35: 9315000203 | C35: Phạm Thị Ngọc Quyên | D35: =VLOOKUP(A35,#REF!,2,0) -> #REF! | E35: 35
A36: A411 | C36: Lê Thị Tố Uyên | D36: =VLOOKUP(A36,#REF!,2,0) -> #REF! | E36: 36
A37: A112 | B37: 5400002895 | C37: Nguyễn Ngọc Diệp Trang | D37: =VLOOKUP(A37,#REF!,2,0) -> #REF! | E37: 37
A38: A395 | B38: 9222599442 | C38: Ngô Thanh Vy | D38: =VLOOKUP(A38,#REF!,2,0) -> #REF! | E38: 38
A39: A391 | B39: 8616014612 | C39: Võ Quỳnh Như | D39: =VLOOKUP(A39,#REF!,2,0) -> #REF! | E39: 39
A40: A154 | B40: 6504006864 | C40: Phan Thị Minh Diễn | D40: =VLOOKUP(A40,#REF!,2,0) -> #REF! | E40: 40
A41: A250 | B41: 5303001410 | C41: Bùi Hữu Thọ | D41: =VLOOKUP(A41,#REF!,2,0) -> #REF! | E41: 41
A42: A381 | B42: 9313001993 | C42: Nguyễn Thị Phương Lan | D42: =VLOOKUP(A42,#REF!,2,0) -> #REF! | E42: 42
A43: A409 | C43: Mã Thị Mỹ Huyền | D43: =VLOOKUP(A43,#REF!,2,0) -> #REF! | E43: 43
A44: A389 | B44: 6505000284 | C44: Ngô Thành Đang | D44: =VLOOKUP(A44,#REF!,2,0) -> #REF! | E44: 44
A45: B112 | B45: 6505002767 | C45: Lê Thị Thanh Thúy | D45: =VLOOKUP(A45,#REF!,2,0) -> #REF! | E45: 45
A46: C173 | B46: 5496032602 | C46: Hồ Xuân Việt | D46: =VLOOKUP(A46,#REF!,2,0) -> #REF! | E46: 46
A47: C183 | B47: 5499003407 | C47: Lê Thị Thu Hồng | D47: =VLOOKUP(A47,#REF!,2,0) -> #REF! | E47: 47
A48: D075 | B48: 9208026155 | C48: Trần Lương Nhân | D48: =VLOOKUP(A48,#REF!,2,0) -> #REF! | E48: 48
A49: A283 | B49: 9214000894 | C49: Cao Văn Được | D49: =VLOOKUP(A49,#REF!,2,0) -> #REF! | E49: 49
A50: A396 | B50: 9209006190 | C50: Trần Bá Trắt | D50: =VLOOKUP(A50,#REF!,2,0) -> #REF! | E50: 50
A51: A081 | B51: 5496032620 | C51: Nguyễn Tất Thắng | D51: =VLOOKUP(A51,#REF!,2,0) -> #REF! | E51: 51
A52: D020 | B52: 5499003400 | C52: Lê Bá Toàn | D52: =VLOOKUP(A52,#REF!,2,0) -> #REF! | E52: 52
A53: A398 | B53: 9521124449 | C53: Nguyễn Tùng Lĩnh | D53: =VLOOKUP(A53,#REF!,2,0) -> #REF! | E53: 53
A54: A401 | B54: 8723454959 | C54: Trịnh Chí Nhân | D54: =VLOOKUP(A54,#REF!,2,0) -> #REF! | E54: 54
A55: A399 | B55: 8014003136 | C55: Lê Ngọc Đẹp | D55: =VLOOKUP(A55,#REF!,2,0) -> #REF! | E55: 55
... A91: D122 | B91: 9208005476 | C91: Cao Thanh Đầy | D91: =VLOOKUP(A91,#REF!,2,0) -> #REF! | E91: 91
A92: D123 | C92: Cao Nhật Linh | D92: =VLOOKUP(A92,#REF!,2,0) -> #REF! | E92: 92
A93: A094 | B93: 5496032622 | C93: Lê Bá Quốc | D93: =VLOOKUP(A93,#REF!,2,0) -> #REF! | E93: 93
A94: A169 | B94: 6506006779 | C94: Nguyễn Chí Công | D94: =VLOOKUP(A94,#REF!,2,0) -> #REF! | E94: 94
A95: B110 | B95: 5404002322 | C95: Lê Hoàng Nam | D95: =VLOOKUP(A95,#REF!,2,0) -> #REF! | E95: 95
A96: C261 | B96: 9208016241 | C96: Nguyễn Văn Thành | D96: =VLOOKUP(A96,#REF!,2,0) -> #REF! | E96: 96
A97: A333 | B97: 9216014087 | C97: Phạm Phương Linh | D97: =VLOOKUP(A97,#REF!,2,0) -> #REF! | E97: 97
A98: A384 | B98: 9213007684 | C98: Trần Văn Hiền | D98: =VLOOKUP(A98,#REF!,2,0) -> #REF! | E98: 98
A99: A190 | B99: 6506006858 | C99: Trần Siêu Đẳng | D99: =VLOOKUP(A99,#REF!,2,0) -> #REF! | E99: 99
A100: C235 | B100: 6506006789 | C100: Nguyễn Hữu Giang | D100: =VLOOKUP(A100,#REF!,2,0) -> #REF! | E100: 100
A101: A067 | B101: 5496032564 | C101: Nguyễn Thị Yên Hà | D101: =VLOOKUP(A101,#REF!,2,0) -> #REF! | E101: 101
A102: A304 | B102: 9214012339 | C102: Giang Minh Tú | D102: =VLOOKUP(A102,#REF!,2,0) -> #REF! | E102: 102
A103: A405 | B103: 9222564773 | C103: Nguyễn Thị Phương Thảo | D103: =VLOOKUP(A103,#REF!,2,0) -> #REF! | E103: 103
A104: B108 | B104: 5404002329 | C104: Lê Thị Phương | D104: =VLOOKUP(A104,#REF!,2,0) -> #REF! | E104: 104
A105: B116 | B105: 6506006798 | C105: Nguyễn Thị Tâm | D105: =VLOOKUP(A105,#REF!,2,0) -> #REF! | E105: 105
A106: B124 | B106: 9208016198 | C106: Đỗ Đình Cường | D106: =VLOOKUP(A106,#REF!,2,0) -> #REF! | E106: 106
A107: B126 | B107: 9208016199 | C107: Trần Thanh Nhàn | D107: =VLOOKUP(A107,#REF!,2,0) -> #REF! | E107: 107
A108: B128 | B108: 9208016201 | C108: Phan Văn Nhựt | D108: =VLOOKUP(A108,#REF!,2,0) -> #REF! | E108: 108
A109: B129 | B109: 9208016202 | C109: Trương Thị Hằng | D109: =VLOOKUP(A109,#REF!,2,0) -> #REF! | E109: 109
A110: B138 | B110: 9208016209 | C110: Đoàn Thị Hồng Dễ | D110: =VLOOKUP(A110,#REF!,2,0) -> #REF! | E110: 110
A111: B143 | B111: 9208016214 | C111: Đinh Thị Cẩm Nhung | D111: =VLOOKUP(A111,#REF!,2,0) -> #REF! | E111: 111
A112: B144 | B112: 9208016215 | C112: Diệp Thị Loan | D112: =VLOOKUP(A112,#REF!,2,0) -> #REF! | E112: 112
A113: B151 | B113: 9208005480 | C113: Trần Văn Bon | D113: =VLOOKUP(A113,#REF!,2,0) -> #REF! | E113: 113
A114: B159 | B114: 9208007820 | C114: Phạm Văn Khải | D114: =VLOOKUP(A114,#REF!,2,0) -> #REF! | E114: 114
A115: B214 | B115: 9213003744 | C115: Nguyễn Hiền Nuôi | D115: =VLOOKUP(A115,#REF!,2,0) -> #REF! | E115: 115
... A234: C617 | B234: 9208007856 | C234: Nguyễn Văn Lý | D234: =VLOOKUP(A234,#REF!,2,0) -> #REF! | E234: 234
A235: C618 | C235: Nguyễn Trọng Tín | D235: =VLOOKUP(A235,#REF!,2,0) -> #REF! | E235: 235
A236: C619 | C236: Nguyễn Thanh Hải | D236: =VLOOKUP(A236,#REF!,2,0) -> #REF! | E236: 236
A237: D052 | B237: 9208016260 | C237: Lâm Hữu Lộc | D237: =VLOOKUP(A237,#REF!,2,0) -> #REF! | E237: 237
A238: H032 | B238: 9211010340 | C238: Trần Văn Hòa | D238: =VLOOKUP(A238,#REF!,2,0) -> #REF! | E238: 238
A239: A282 | B239: 9214000893 | C239: Lâm Duy | D239: =VLOOKUP(A239,#REF!,2,0) -> #REF! | E239: 239
A240: P001 | B240: 7415149939 | C240: Võ Đức Thịnh | D240: =VLOOKUP(A240,#REF!,2,0) -> #REF! | E240: 240
A241: P005 | B241: 9216018279 | C241: Nguyễn Thanh Tuấn | D241: =VLOOKUP(A241,#REF!,2,0) -> #REF! | E241: 241
A242: P006 | B242: 9214001306 | C242: Võ Nguyễn Tuấn Kiệt | D242: =VLOOKUP(A242,#REF!,2,0) -> #REF! | E242: 242
A243: P008 | B243: 8316017164 | C243: Phan Văn Qui | D243: =VLOOKUP(A243,#REF!,2,0) -> #REF! | E243: 243
A244: G002 | B244: 0206278935 | C244: Vương Lài Sện | D244: =VLOOKUP(A244,#REF!,2,0) -> #REF! | E244: 244
A245: G007 | B245: 9216023774 | C245: Trần Văn Giàu | D245: =VLOOKUP(A245,#REF!,2,0) -> #REF! | E245: 245
A246: G008 | B246: 9216023775 | C246: Trần Hoài Phong | D246: =VLOOKUP(A246,#REF!,2,0) -> #REF! | E246: 246
A247: G013 | B247: 9213009432 | C247: Nguyễn Kiều Oanh | D247: =VLOOKUP(A247,#REF!,2,0) -> #REF! | E247: 247
A248: G016 | B248: 9216023786 | C248: Lê Như Thảo | D248: =VLOOKUP(A248,#REF!,2,0) -> #REF! | E248: 248
... A272: G061 | B272: 7721683417 | C272: Nguyễn Trọng Thịnh | D272: =VLOOKUP(A272,#REF!,2,0) -> #REF! | E272: 272
A273: G062 | C273: Bùi Đặng Anh Thùy | D273: =VLOOKUP(A273,#REF!,2,0) -> #REF! | E273: 273
A274: G063 | C274: Lý Thái Hân | D274: =VLOOKUP(A274,#REF!,2,0) -> #REF! | E274: 274
A275: G064 | C275: Chế Trọng Sinh | D275: =VLOOKUP(A275,#REF!,2,0) -> #REF! | E275: 275

Sheet Sheet10
A4: A268 | B4: =VLOOKUP(A4,Sheet4!$A$1:$B$300,2,0) -> 9213003755 | C4: Nguyễn Công Huân | D4: Tổng giám đốc
A5: A035 | B5: =VLOOKUP(A5,Sheet4!$A$1:$B$300,2,0) -> 5496032611 | C5: Nguyễn Nam Bình | D5: Phó Tổng giám đốc
A6: A131 | B6: =VLOOKUP(A6,Sheet4!$A$1:$B$300,2,0) -> 5402005143 | C6: Trần Ngọc Văn | D6: Phó Tổng giám đốc
A7: A190 | B7: =VLOOKUP(A7,Sheet4!$A$1:$B$300,2,0) -> 6506006858 | C7: Trần Siêu Đẳng | D7: Phó Tổng giám đốc
A8: A198 | B8: =VLOOKUP(A8,Sheet4!$A$1:$B$300,2,0) -> 5803003379 | C8: Nguyễn Duy Vũ | D8: Kế toán trưởng
A9: A279 | B9: =VLOOKUP(A9,Sheet4!$A$1:$B$300,2,0) -> 9212004554 | C9: Nguyễn Thanh Duy | D9: Trưởng phòng KHVT
A10: A255 | B10: =VLOOKUP(A10,Sheet4!$A$1:$B$300,2,0) -> 9212004139 | C10: Trầm Trung Bích Thảo | D10: Phó phòng KHVT
A11: C109 | B11: =VLOOKUP(A11,Sheet4!$A$1:$B$300,2,0) -> 5496032498 | C11: Lê Huy Minh | D11: Phó phòng KHVT
A12: A339 | B12: =VLOOKUP(A12,Sheet4!$A$1:$B$300,2,0) -> 9216023928 | C12: Lê Minh Toàn | D12: Phó phòng KHVT
A13: A344 | B13: =VLOOKUP(A13,Sheet4!$A$1:$B$300,2,0) -> 9216023766 | C13: Lê Trọng Nhơn | D13: Trưởng phòng Kinh doanh
A14: A328 | B14: =VLOOKUP(A14,Sheet4!$A$1:$B$300,2,0) -> 9216001664 | C14: Huỳnh Phú Nhân | D14: Phó phòng Kinh Doanh
A15: A235 | B15: =VLOOKUP(A15,Sheet4!$A$1:$B$300,2,0) -> 9210009440 | C15: Phùng Thị Ngọc Thanh | D15: Phó phòng kế toán
... A19: D020 | B19: =VLOOKUP(A19,Sheet4!$A$1:$B$300,2,0) -> 5499003400 | C19: Lê Bá Toàn | D19: Trưởng phòng Kỹ thuật
A20: A431 | B20: 8723780534 | C20: Dương Quang Minh | D20: Phó phòng kỹ thuật
A21: A260 | B21: =VLOOKUP(A21,Sheet4!$A$1:$B$300,2,0) -> 9212008058 | C21: Phan Trường Tiền | D21: Trưởng phòng QLCLSP
A22: A171 | B22: =VLOOKUP(A22,Sheet4!$A$1:$B$300,2,0) -> 6506006786 | C22: Đặng Phương Thảo | D22: Phó pòng QLCLSP
A23: A305 | B23: =VLOOKUP(A23,Sheet4!$A$1:$B$300,2,0) -> 9214012340 | C23: Nguyễn Bá Tân | D23: Phó pòng QLCLSP
A24: C235 | B24: =VLOOKUP(A24,Sheet4!$A$1:$B$300,2,0) -> 6506006789 | C24: Nguyễn Hữu Giang | D24: Giám đốc XNPBHC
A25: A304 | B25: =VLOOKUP(A25,Sheet4!$A$1:$B$300,2,0) -> 9214012339 | C25: Giang Minh Tú | D25: Phó giám đốc XNPBHC

Sheet Sheet9

Sheet TĂNG
A2: TẬP ĐOÀN HÓA CHẤT VIỆT NAM | G2: CỘNG HÒA XÃ HỘI CHỦ NGHĨA VIỆT NAM
A3: CTY CP PHÂN BÓN & HÓA CHẤT CẦN THƠ | G3: Độc lập - Tự do - Hạnh phúc
G4: Cần Thơ, ngày tháng năm 2026
A6: BÁO CÁO TĂNG NHÂN SỰ TRONG THÁNG NĂM 2026
A8: THÁNG | B8: STT | C8: MS | D8: HỌ VÀ TÊN | E8: NGÀY SINH | F8: SỐ HĐLĐ | G8: NGÀY KÝ | H8: ĐƠN VỊ CÔNG TÁC | I8: LƯƠNG THAM GIA BHXH | J8: MÃ SỐ BHXH | K8: MÃ SỐ THUẾ TNCN | L8: GHI CHÚ
A13: 1 | B13: 1 | C13: A431 | D13: Dương Quang Minh | L13: 1
B14: 2 | C14: A432 | D14: Nguyễn Tuấn Lộc | L14: 2
B15: 3 | C15: A433 | D15: Võ Hoàng Huy | L15: 3
B16: 4 | C16: D127 | D16: Phạm Lê Như Quỳnh | L16: 4
A18: 3 | C18: A434 | D18: Lê Hoảng Tín | L18: 5
C19: A435 | D19: Nguyễn Trấn Vũ | L19: 6
C20: A436 | D20: Nguyễn Phú Thịnh | L20: 7
C21: A437 | D21: Châu Minh Đức | L21: 8
A22: 5
C23: C720 | D23: Châu Văn Hậu | L23: 9
C24: C721 | D24: Lương Nguyễn Phúc Thịnh | L24: 10
C25: C722 | D25: Lê Hoàng Tâm | L25: 11
C26: C723 | D26: Đào Ngọc Hài | L26: 12
C27: C724 | D27: Phan Văn Mộc | L27: 13
C28: C725 | D28: Nguyễn Ngọc Thành | L28: 14
C29: C726 | D29: Lý Văn Hoàng | L29: 15
C30: C727 | D30: Nguyễn Hoài Nam | L30: 16
C31: C728 | D31: Phan Văn Quí | L31: 17
C32: C729 | D32: Lê Trường Duy | L32: 18
C33: C730 | D33: Trương Quyền Linh | L33: 19
C34: C731 | D34: Phạm Ngọc Trường | L34: 20
... C41: C738 | D41: Nguyễn Văn Trường | L41: 27
A43: 6 | C43: A438 | D43: Trương Bá Duy | L43: 28
C44: A439 | D44: Phan Thị Ngọc Thơ | L44: 29
C45: A440 | D45: Châu Huyền Trân | L45: 30
C46: A441 | D46: Nguyễn Đức Hào | L46: 31
D47: Đoàn Văn Tuấn | L47: 32
D48: Tô Thị Vi Na | L48: 33
D49: Trần Hoàng Huynh | L49: 34
D50: Nguyễn Công Thành | L50: 35
D51: Lê Văn Liên | L51: 41
A52: 7
D53: Hồ Thị Định | L53: 42
D54: Lê Trường Giang | L54: 43
D55: Lê Hoàng Ngân | L55: 44
D56: Nguyễn Thành Nhân | L56: 45
D57: Phùng Ngọc Ần | L57: 46
D58: Nguyễn Văn Đông | L58: 47
D59: Nguyễn Trường Giang | L59: 48 | S59: 47
D60: Nguyễn Thanh Long | L60: 49
D61: Tô Thị Vi Na | L61: 33
D62: Trần Hoàng Huynh | L62: 34
D63: Nguyễn Hoài Phong
D64: Trương Phương Hiếu
D65: Phạm Quốc Tiến
D66: Đặng Xuân Sơn
D67: Đặng văn Tình

Sheet GS 25
A2: TẬP ĐOÀN HÓA CHẤT VIỆT NAM | G2: CỘNG HÒA XÃ HỘI CHỦ NGHĨA VIỆT NAM
A3: CTY CP PHÂN BÓN & HÓA CHẤT CẦN THƠ | G3: Độc lập - Tự do - Hạnh phúc
G4: Cần Thơ, ngày tháng năm 2025
A6: BÁO CÁO TĂNG NHÂN SỰ TRONG THÁNG NĂM 2025
A8: THÁNG | B8: STT | C8: MS | D8: HỌ VÀ TÊN | E8: NGÀY SINH | F8: Số CCCD | G8: NGÀY cấp | H8: ĐƠN VỊ CÔNG TÁC | I8: LƯƠNG THAM GIA BHXH | J8: MÃ SỐ BHXH | K8: MÃ SỐ THUẾ TNCN | L8: GHI CHÚ
D10: Nguyễn Trí Dũng | E10: 29962 | F10: 60082000576 | G10: 44286 | K10: 8728405013
A53: 4

Sheet Sheet1 (3)
A1: DOANH NGHIỆP……………………….
A2: Mã số thuế: ………………………………………..
A3: Địa chỉ: ………………………………………..
A4: SỔ QUẢN LÝ LAO ĐỘNG
A5: STT | B5: M số | C5: Họ và tên | D5: Giới tính | E5: Ngày tháng năm sinh | F5: Quốc tịch | G5: Nơi cư trú | H5: Số thẻ CCCD hoặc CMND hoặc hộ chiếu | I5: Trình độ chuyên môn kỹ thuật | J5: Bậc trình độ kỹ năng nghề | K5: Vị trí làm việc | L5: Loại hợp đồng lao động | M5: Thời điểm bắt đầu làm việc | N5: Tham gia bảo hiểm | Q5: Tiền lương | R5: Phụ cấp | S5: Nâng bậc, nâng lương | T5: Số ngày nghỉ trong năm | U5: Số giờ làm thêm | V5: Hưởng chế độ BHXH, BHYT, BHTN | W5: Học nghề, đào tạo, bồi dưỡng, nâng cao trình độ kỹ năng nghề | X5: Kỷ luật lao động, trách nhiệm vật chất | Y5: Tai nạn lao động, bệnh nghề nghiệp | Z5: Thời điểm chấm dứt hợp đồng lao động và lý do
N6: BHXH | O6: BHYT | P6: BHTN
A7: 1 | B7: A268 | C7: Nguyễn Công Huân | D7: Nam | E7: 31483 | F7: Việt Nam | H7: 092086007417 | I7: Thạc sĩ | L7: Không xác định | M7: 41379 | N7: 41379 | O7: 41379 | P7: 41379 | Q7: 26000000 | R7: 0
A8: 2 | B8: A035 | C8: Nguyễn Nam Bình | D8: Nam | E8: 26344 | F8: Việt Nam | H8: 034072016055 | I8: Đại học | L8: Không xác định | M8: 34243 | N8: 34243 | O8: 34243 | P8: 34243 | Q8: 23000000 | R8: 0
A9: 3 | B9: A131 | C9: Trần Ngọc Văn | D9: Nam | E9: 28775 | F9: Việt Nam | H9: 089078019969 | I9: Đại học | L9: Không xác định | M9: 37104 | N9: 37104 | O9: 37104 | P9: 37104 | Q9: 21850000
A10: 4 | B10: A190 | C10: Trần Siêu Đẳng | D10: Nam | E10: 29335 | F10: Việt Nam | H10: 051080007405 | I10: Đại học | L10: Không xác định | M10: 39052 | N10: 39052 | O10: 39052 | P10: 39052 | Q10: 21850000
A11: 5 | B11: A391 | C11: Võ Quỳnh Như | D11: Nữ | E11: 34643 | F11: Việt Nam | H11: 087194013763 | I11: Đại học | L11: Không xác định | M11: 44713 | N11: 44713 | O11: 44713 | P11: 44713 | Q11: 6579000 | R11: 0
A12: 6 | B12: A279 | C12: Nguyễn Thanh Duy | D12: Nam | E12: 32952 | F12: Việt Nam | H12: 092090014793 | I12: Đại học | L12: Không xác định | M12: 41609 | N12: 41609 | O12: 41609 | P12: 41609 | Q12: 7673000 | R12: 2365000
A13: 7 | B13: A255 | C13: Trầm Trung Bích Thảo | D13: Nữ | E13: 32616 | F13: Việt Nam | H13: 094189000207 | I13: Đại học | L13: Không xác định | M13: 40977 | N13: 40977 | O13: 40977 | P13: 40977 | Q13: 7673000 | R13: 1892000
A14: 8 | B14: A358 | C14: Trần Ngọc Bảo Trân | D14: Nữ | E14: 34769 | F14: Việt Nam | H14: 092195009932 | I14: Đại học | L14: Không xác định | M14: 43282 | N14: 43282 | O14: 43282 | P14: 43282 | Q14: 7105000 | R14: 0
A15: 9 | B15: A369 | C15: Phan Thanh Trường | D15: Nam | E15: 35312 | F15: Việt Nam | H15: 087096014501 | I15: Đại học | L15: Không xác định | M15: 43647 | N15: 43647 | O15: 43647 | P15: 43647 | Q15: 7105000 | R15: 0
A16: 10 | B16: A385 | C16: Nguyễn Thị Thùy Miên | D16: Nữ | E16: 35554 | F16: Việt Nam | H16: 089197013110 | I16: Trung cấp | L16: Không xác định | M16: 44349 | N16: 44349 | O16: 44349 | P16: 44349 | Q16: 7105000 | R16: 0
A17: 11 | B17: A289 | C17: Hoàng Thị Thanh Mai | D17: Nữ | E17: 29150 | F17: Việt Nam | H17: 036179013255 | I17: Đại học | L17: Không xác định | M17: 41744 | N17: 41744 | O17: 41744 | P17: 41744 | Q17: 6375000 | R17: 0
A18: 12 | B18: A215 | C18: Nguyễn Thị Mỹ Nhiên | D18: Nữ | E18: 30333 | F18: Việt Nam | H18: 093183000309 | I18: Đại học | L18: Không xác định | M18: 39539 | N18: 39539 | O18: 39539 | P18: 39539 | Q18: 8287000 | R18: 0
A19: 13 | B19: A408 | C19: Trần Chí Đan | D19: Nam | E19: 36024 | F19: Việt Nam | H19: 092098000305 | I19: Đại học | L19: Không xác định | M19: 45231 | N19: 45231 | O19: 45231 | P19: 45231 | Q19: 6579000 | R19: 0
A20: 14 | B20: A414 | C20: Trần Văn Giàu | D20: Nam | E20: 37034 | F20: Việt Nam | H20: 093201003354 | I20: Đại học | L20: 12 tháng | M20: 45444 | N20: 45444 | O20: 45444 | P20: 45444 | Q20: 5466000 | R20: 0
A21: 15 | B21: C109 | C21: Lê Huy Minh | D21: Nam | E21: 28537 | F21: Việt Nam | H21: 038078000972 | I21: Đại học | L21: Không xác định | M21: 34824 | N21: 34824 | O21: 34824 | P21: 34824 | Q21: 8287000 | R21: 1892000
A22: 16 | B22: A288 | C22: Nguyễn Hải Đăng | D22: Nam | E22: 33156 | F22: Việt Nam | H22: 093090005260 | I22: Cao Đẳng | L22: Không xác định | M22: 41730 | N22: 41730 | O22: 41730 | P22: 41730 | Q22: #N/A | R22: #N/A
A23: 17 | B23: A339 | C23: Lê Minh Toàn | D23: Nam | E23: 33063 | F23: Việt Nam | H23: 092090001386 | I23: Đại học | L23: Không xác định | M23: 42675 | N23: 42675 | O23: 42675 | P23: 42675 | Q23: 8539000 | R23: 1892000
A24: 18 | B24: C562 | C24: Trần Ngọc Sáng | D24: Nam | E24: 34773 | F24: Việt Nam | H24: 091095006772 | I24: Phổ thông | L24: Không xác định | M24: 44501 | N24: 44501 | O24: 44501 | P24: 44501 | Q24: 6647000 | R24: 0
A25: 19 | B25: A419 | C25: Nguyễn Trương Bình Nguyên | D25: Nam | E25: 37611 | F25: Việt Nam | H25: 092202006332 | I25: Đại học | L25: 12 tháng | M25: 45709 | N25: 45709 | O25: 45709 | P25: 45709 | Q25: 5955000
A26: 20 | B26: P009 | C26: Lê Minh Tuấn | D26: Nam | E26: 36873 | F26: Việt Nam | H26: 092200006987 | I26: Đại học | L26: 12 tháng | M26: 45505 | N26: 45505 | O26: 45505 | P26: 45505 | Q26: 4410000
A27: 21 | B27: A422 | C27: Huỳnh Dương Phương Anh | D27: Nữ | E27: 37460 | F27: Việt Nam | H27: 093302001656 | I27: Đại học | L27: 12 tháng | M27: 45748 | N27: 45748 | O27: 45748 | P27: 45748 | Q27: 6135000
A28: 22 | B28: A424 | C28: Đặng Thị Uyên Nhi | D28: Nữ | E28: 44710 | F28: Việt Nam | H28: 087302004502 | I28: Cao Đẳng | L28: 12 tháng | M28: 45809 | N28: 45809 | O28: 45809 | P28: 45809 | Q28: 6135000
A29: 23 | B29: A429 | C29: Lê Võ Nhật Khoa | D29: Nam | E29: 37948 | F29: Việt Nam | H29: 092203005594 | I29: Đại học | L29: 12 tháng | M29: 45962 | N29: 45962 | O29: 45962 | P29: 45962 | Q29: 6135000
A30: 24 | B30: A246 | C30: Trần Minh Giàu | D30: Nam | E30: 30348 | F30: Việt Nam | H30: 092083009975 | I30: Đại học | L30: Không xác định | M30: 40665 | N30: 40665 | O30: 40665 | P30: 40665 | Q30: 7046000 | R30: 0
A31: 25 | B31: A327 | C31: Lê Trung Hiếu | D31: Nam | E31: 32620 | F31: Việt Nam | H31: 086089010769 | I31: Đại học | L31: Không xác định | M31: 42370 | N31: 42370 | O31: 42370 | P31: 42370 | Q31: 6647000 | R31: 0
A32: 26 | B32: H062 | C32: Lê Bằng Thẳng | D32: Nam | E32: 31643 | F32: Việt Nam | H32: 093086003738 | I32: Đại học | L32: Không xác định | M32: 42156 | N32: 42156 | O32: 42156 | P32: 42156 | Q32: 6647000 | R32: 0
A33: 27 | B33: A328 | C33: Huỳnh Phú Nhân | D33: Nam | E33: 34633 | F33: Việt Nam | H33: 092094005136 | I33: Cao đẳng | L33: Không xác định | M33: 42370 | N33: 42370 | O33: 42370 | P33: 42370 | Q33: 7046000 | R33: 0
A34: 28 | B34: A367 | C34: Lương Phú Vinh | D34: Nam | E34: 33917 | F34: Việt Nam | H34: 092092010946 | I34: Đại học | L34: Không xác định | M34: 43405 | N34: 43405 | O34: 43405 | P34: 43405 | Q34: 6647000 | R34: 0
A35: 29 | B35: A380 | C35: Nguyễn Hoài Phong | D35: Nam | E35: 35117 | F35: Việt Nam | H35: 089096016279 | I35: Cao Đẳng | L35: Không xác định | M35: 44044 | N35: 44044 | O35: 44044 | P35: 44044 | Q35: 6647000 | R35: 0
A36: 30 | B36: A344 | C36: Lê Trọng Nhơn | D36: Nam | E36: 33633 | F36: Việt Nam | H36: 087092017349 | I36: Đại học | L36: Không xác định | M36: 42736 | N36: 42736 | O36: 42736 | P36: 42736 | Q36: 7105000 | R36: 2205000
A37: 31 | B37: A394 | C37: Nguyễn Hứa Kim Thảo | D37: Nữ | E37: 35524 | F37: Việt Nam | H37: 092197011285 | I37: Đại học | L37: Không xác định | M37: 44805 | N37: 44805 | O37: 44805 | P37: 44805 | Q37: 5466000 | R37: 0
A38: 32 | B38: A397 | C38: Mạch Chí Thiện | D38: Nam | E38: 30482 | F38: Việt Nam | H38: 086083000292 | I38: Đại học | L38: Không xác định | M38: 44866 | N38: 44866 | O38: 44866 | P38: 44866 | Q38: 10971000 | R38: 1656000
A39: 33 | B39: A403 | C39: Ngô Văn Tài | D39: Nam | E39: 35231 | F39: Việt Nam | H39: 089096013188 | I39: Đại học | L39: Không xác định | M39: 45113 | N39: 45113 | O39: 45113 | P39: 45113 | Q39: 6271000 | R39: 0
A40: 34 | B40: A283 | C40: Cao Văn Được | D40: Nam | E40: 32488 | F40: Việt Nam | H40: 092088000675 | I40: Đại học | L40: Không xác định | M40: 41641 | N40: 41641 | O40: 41641 | P40: 41641 | Q40: 6785000 | R40: 0
A41: 35 | B41: A418 | C41: Lê Thanh Đạm | D41: Nam | E41: 31692 | F41: Việt Nam | H41: 089086005984 | I41: Đại học | L41: 12 tháng | M41: 45627 | N41: 45627 | O41: 45627 | P41: 45627 | Q41: 5955000
A42: 36 | B42: A420 | C42: Nguyễn Kiều Ly | D42: Nữ | E42: 35107 | F42: Việt Nam | H42: 096196008540 | I42: Đại học | L42: 12 tháng | M42: 45717 | N42: 45717 | O42: 45717 | P42: 45717 | Q42: 6135000
A43: 37 | B43: A198 | C43: Nguyễn Duy Vũ | D43: Nam | E43: 28767 | F43: Việt Nam | H43: 082078026532 | I43: Đại học | L43: Không xác định | M43: 39265 | N43: 39265 | O43: 39265 | P43: 39265 | Q43: 19950000 | R43: 0
A44: 38 | B44: A235 | C44: Phùng Thị Ngọc Thanh | D44: Nữ | E44: 31943 | F44: Việt Nam | H44: 092187005527 | I44: Đại học | L44: Không xác định | M44: 40340 | N44: 40340 | O44: 40340 | P44: 40340 | Q44: 7673000 | R44: 1892000
A45: 39 | B45: A245 | C45: Trần Thị Lệ Thúy | D45: Nữ | E45: 32193 | F45: Việt Nam | H45: 051188000559 | I45: Đại học | L45: Không xác định | M45: 40634 | N45: 40634 | O45: 40634 | P45: 40634 | Q45: 5903000 | R45: 473000
A46: 40 | B46: A363 | C46: Nguyễn Thị Hà Thảo | D46: Nữ | E46: 33223 | F46: Việt Nam | H46: 092190008576 | I46: Đại học | L46: Không xác định | M46: 43313 | N46: 43313 | O46: 43313 | P46: 43313 | Q46: 7105000 | R46: 0
A47: 41 | B47: A379 | C47: Tiêu Tú Châu | D47: Nữ | E47: 35559 | F47: Việt Nam | H47: 092197003248 | I47: Đại học | L47: Không xác định | M47: 44013 | N47: 44013 | O47: 44013 | P47: 44013 | Q47: 7105000 | R47: 0
A48: 42 | B48: A406 | C48: Hà Minh Hiền | D48: Nam | E48: 36290 | F48: Việt Nam | H48: 084099000465 | I48: Trung cấp | L48: Không xác định | M48: 45170 | N48: 45170 | O48: 45170 | P48: 45170 | Q48: 6579000 | R48: 0
A49: 43 | B49: A407 | C49: Phạm Thị Ngọc Quyên | D49: Nữ | E49: 33605 | F49: Việt Nam | H49: 092192007009 | I49: Đại học | L49: Không xác định | M49: 45170 | N49: 45170 | O49: 45170 | P49: 45170 | Q49: 6579000 | R49: 0
A50: 44 | B50: A411 | C50: Lê Thị Tố Uyên | D50: Nữ | E50: 33216 | F50: Việt Nam | H50: 089190008954 | I50: Đại học | L50: Không xác định | M50: 45254 | N50: 45254 | O50: 45254 | P50: 45254 | Q50: 6579000 | R50: 0
A51: 45 | B51: A112 | C51: Nguyễn Ngọc Diệp Trang | D51: Nữ | E51: 26439 | F51: Việt Nam | H51: 086172005389 | I51: Đại học | L51: Không xác định | M51: 36418 | N51: 36418 | O51: 36418 | P51: 36418 | Q51: 8950000 | R51: 2365000
A52: 46 | B52: A395 | C52: Ngô Thanh Vy | D52: Nữ | E52: 36882 | F52: Việt Nam | H52: 092300000192 | I52: Đại học | L52: Không xác định | M52: 44805 | N52: 44805 | O52: 44805 | P52: 44805 | Q52: 6579000 | R52: 0
A53: 47 | B53: A154 | C53: Phan Thị Minh Diễn | D53: Nữ | E53: 29531 | F53: Việt Nam | H53: 045180000015 | I53: Đại học | L53: Không xác định | M53: 38078 | N53: 38078 | O53: 38078 | P53: 38078 | Q53: 8950000 | R53: 2365000
A54: 48 | B54: A250 | C54: Bùi Hữu Thọ | D54: Nam | E54: 26764 | F54: Việt Nam | H54: 092073008774 | I54: Đại học | L54: Không xác định | M54: 40781 | N54: 40781 | O54: 40781 | P54: 40781 | Q54: 8950000 | R54: 2365000
... A58: 52 | B58: C183 | C58: Lê Thị Thu Hồng | D58: Nữ | E58: 27748 | F58: Việt Nam | H58: 054175000014 | I58: Đại học | L58: Không xác định | M58: 35948 | N58: 35948 | O58: 35948 | P58: 35948 | Q58: 7780000 | R58: 1419000
A59: 53 | B59: B112 | C59: Lê Thị Thanh Thúy | D59: Nữ | E59: 26944 | F59: Việt Nam | H59: 093173012731 | I59: Đại học | L59: Không xác định | M59: 38169 | N59: 38169 | O59: 38169 | P59: 38169 | Q59: #N/A | R59: #N/A
A60: 54 | B60: C173 | C60: Hồ Xuân Việt | D60: Nam | E60: 26308 | F60: Việt Nam | H60: 052072013074 | I60: Đại học | L60: Không xác định | M60: 34403 | N60: 34403 | O60: 34403 | P60: 34403 | Q60: 7780000 | R60: 0
A61: 55 | B61: D075 | C61: Trần Lương Nhân | D61: Nam | E61: 29383 | F61: Việt Nam | H61: 083080000109 | I61: Sơ cấp | L61: Không xác định | M61: 39742 | N61: 39742 | O61: 39742 | P61: 39742 | Q61: 7073000 | R61: 946000
A62: 56 | B62: A081 | C62: Nguyễn Tất Thắng | D62: Nam | E62: 25112 | F62: Việt Nam | H62: 025068011796 | I62: Sơ cấp | L62: Không xác định | M62: 33055 | N62: 33055 | O62: 33055 | P62: 33055 | Q62: 7780000 | R62: 0
A63: 57 | B63: A173 | C63: Nguyễn Thị Thanh Tâm | D63: Nữ | E63: 29613 | F63: Việt Nam | H63: 042181000294 | I63: Sơ cấp | L63: Không xác định | M63: 38657 | N63: 38657 | O63: 38657 | P63: 38657 | Q63: 8287000 | R63: 0
A64: 58 | B64: B107 | C64: Trần Thị Thiên Giang | D64: Nữ | E64: 30126 | F64: Việt Nam | H64: 089182013259 | I64: Sơ cấp | L64: Không xác định | M64: 37803 | N64: 37803 | O64: 37803 | P64: 37803 | Q64: 7929000 | R64: 0
A65: 59 | B65: A421 | C65: Nguyễn Việt Đức | D65: Nam | E65: 34869 | F65: Việt Nam | H65: 092095006638 | I65: Đại học | L65: 12 tháng | M65: 45717 | N65: 45717 | O65: 45717 | P65: 45717 | Q65: 4719000
A66: 60 | B66: A427 | C66: Tô Đông Khoa | D66: Nam | E66: 36759 | F66: Việt Nam | H66: 092200006884 | I66: Sơ cấp | L66: 12 tháng | M66: 45809 | N66: 45809 | O66: 45809 | P66: 45809 | Q66: 4719000
A67: 61 | B67: D020 | C67: Lê Bá Toàn | D67: Nam | E67: 27881 | F67: Việt Nam | H67: 045076010149 | I67: Đại học | L67: Không xác định | M67: 35744 | N67: 35744 | O67: 35744 | P67: 35744 | Q67: 7673000 | R67: 2365000
A68: 62 | B68: A398 | C68: Nguyễn Tùng Lỉnh | D68: Nam | E68: 36231 | F68: Việt Nam | H68: 095099006186 | I68: Đại học | L68: Không xác định | M68: 44927 | N68: 44927 | O68: 44927 | P68: 44927 | Q68: 6579000 | R68: 0
A69: 63 | B69: A399 | C69: Lê Ngọc Đẹp | D69: Nam | E69: 30021 | F69: Việt Nam | H69: 084082000086 | I69: Đại học | L69: Không xác định | M69: 44977 | N69: 44977 | O69: 44977 | P69: 44977 | Q69: 6579000 | R69: 0
A70: 64 | B70: A401 | C70: Trịnh Chí Nhân | D70: Nam | E70: 36802 | F70: Việt Nam | H70: 087200003497 | I70: Đại học | L70: Không xác định | M70: 45017 | N70: 45017 | O70: 45017 | P70: 45017 | Q70: 6579000 | R70: 0
A71: 65 | B71: A412 | C71: Nguyễn Trọng Nghĩa | D71: Nam | E71: 34221 | F71: Việt Nam | H71: 096093010554 | I71: Đại học | L71: Không xác định | M71: 45413 | N71: 45413 | O71: 45413 | P71: 45413 | Q71: 6579000 | R71: 0
A72: 66 | B72: A415 | C72: Nguyễn Toàn Thái | D72: Nam | E72: 35054 | F72: Việt Nam | H72: 092095006795 | I72: Đại học | L72: 12 tháng | M72: 45536 | N72: 45536 | O72: 45536 | P72: 45536 | Q72: 6135000
A73: 67 | B73: A430 | C73: Trần Hoàng Phúc | D73: Nam | E73: 36898 | F73: Việt Nam | H73: 096201014184 | I73: Đại học | L73: 12 tháng | M73: 45992 | N73: 45992 | O73: 45992 | P73: 45992 | Q73: 6135000
A74: 68 | B74: A431 | C74: Dương Quang Minh | D74: Nam | E74: 29477 | F74: Việt Nam | H74: 087090007512 | I74: Đại học | L74: 12 tháng | M74: 46022 | N74: 46022 | O74: 46022 | P74: 46022 | Q74: 6135000
A75: 69 | B75: A260 | C75: Phan Trường Tiền | D75: Nam | E75: 32053 | F75: Việt Nam | H75: 091087000155 | I75: Đại học | L75: Không xác định | M75: 41071 | N75: 41071 | O75: 41071 | P75: 41071 | Q75: 7673000 | R75: 2365000
A76: 70 | B76: A171 | C76: Đặng Phương Thảo | D76: Nữ | E76: 30254 | F76: Việt Nam | H76: 092182003607 | I76: Đại học | L76: Không xác định | M76: 38657 | N76: 38657 | O76: 38657 | P76: 38657 | Q76: 8287000 | R76: 1892000
A77: 71 | B77: A057 | C77: Nguyễn Huỳnh Khánh Linh | D77: Nữ | E77: 25965 | F77: Việt Nam | H77: 092171003980 | I77: Đại học | L77: Không xác định | M77: 34035 | N77: 34035 | O77: 34035 | P77: 34035 | Q77: 7929000 | R77: 0
A78: 72 | B78: A061 | C78: Nguyễn Thị Kim Phượng | D78: Nữ | E78: 27398 | F78: Việt Nam | H78: 045175000238 | I78: Đại học | L78: Không xác định | M78: 36114 | N78: 36114 | O78: 36114 | P78: 36114 | Q78: 9666000 | R78: 0
A79: 73 | B79: A233 | C79: Võ Thị Thùy Vân | D79: Nữ | E79: 31248 | F79: Việt Nam | H79: 082185024771 | I79: Trung cấp | L79: Không xác định | M79: 40315 | N79: 40315 | O79: 40315 | P79: 40315 | Q79: 7673000 | R79: 0
A80: 74 | B80: A305 | C80: Nguyễn Bá Tân | D80: Nam | E80: 33604 | F80: Việt Nam | H80: 087092009654 | I80: Đại học | L80: Không xác định | M80: 41913 | N80: 41913 | O80: 41913 | P80: 41913 | Q80: 9565000 | R80: 1764000
A81: 75 | B81: A330 | C81: Võ Thị Nguyệt Ánh | D81: Nữ | E81: 32903 | F81: Việt Nam | H81: 092190005881 | I81: Đại học | L81: Không xác định | M81: 42583 | N81: 42583 | O81: 42583 | P81: 42583 | Q81: 7673000 | R81: 0
A82: 76 | B82: A393 | C82: Lê Văn Phụng | D82: Nam | E82: 36750 | F82: Việt Nam | H82: 087200004261 | I82: Đại học | L82: Không xác định | M82: 44785 | N82: 44785 | O82: 44785 | P82: 44785 | Q82: 6579000 | R82: 0
A83: 77 | B83: A402 | C83: Trần Khánh Duy | D83: Nam | E83: 35447 | F83: Việt Nam | H83: 093097005054 | I83: Đại học | L83: Không xác định | M83: 45064 | N83: 45064 | O83: 45064 | P83: 45064 | Q83: 6579000 | R83: 0
A84: 78 | B84: A417 | C84: Nguyễn Thanh Loan | D84: Nữ | E84: 37274 | F84: Việt Nam | H84: 086302003493 | I84: Đại học | L84: 12 tháng | M84: 45567 | N84: 45567 | O84: 45567 | P84: 45567 | Q84: 6135000
A85: 79 | B85: A425 | C85: Nguyễn Tấn Hưng | D85: Nam | E85: 34881 | F85: Việt Nam | H85: 086095008521 | I85: Đại học | L85: 12 tháng | M85: 45809 | N85: 45809 | O85: 45809 | P85: 45809 | Q85: 6135000
A86: 80 | B86: A426 | C86: Lê Thị Ái Ni | D86: Nữ | E86: 36467 | F86: Việt Nam | H86: 095199006558 | I86: Đại học | L86: 12 tháng | M86: 45809 | N86: 45809 | O86: 45809 | P86: 45809 | Q86: 6135000
A87: 81 | B87: A086 | C87: Lê Văn Sáu | D87: Nam | E87: 25851 | F87: Việt Nam | H87: 092070003195 | I87: Đại học | L87: Không xác định | M87: 34391 | N87: 34391 | O87: 34391 | P87: 34391 | Q87: 6152000 | R87: 0
A88: 82 | B88: B085 | C88: Chữ Văn Hiền | D88: Nam | E88: 29469 | F88: Việt Nam | H88: 036080003347 | I88: Đại học | L88: Không xác định | M88: 36434 | N88: 36434 | O88: 36434 | P88: 36434 | Q88: 6152000 | R88: 0
A89: 83 | B89: B031 | C89: Trần Thanh Phượng | D89: Nam | E89: 27459 | F89: Việt Nam | H89: 092075008999 | I89: Đại học | L89: Không xác định | M89: 34509 | N89: 34509 | O89: 34509 | P89: 34509 | Q89: 7976000 | R89: 0
A90: 84 | B90: C083 | C90: Hoàng Văn Giang | D90: Nam | E90: 28665 | F90: Việt Nam | H90: 035078008434 | I90: Đại học | L90: Không xác định | M90: 35432 | N90: 35432 | O90: 35432 | P90: 35432 | Q90: 7454000 | R90: 0
A91: 85 | B91: C188 | C91: Trương Văn Năm | D91: Nam | E91: 26216 | F91: Việt Nam | H91: 040071000082 | I91: Sơ cấp | L91: Không xác định | M91: 34274 | N91: 34274 | O91: 34274 | P91: 34274 | Q91: 7976000 | R91: 0
A92: 86 | B92: D004 | C92: Triệu Đình Toản | D92: Nam | E92: 27885 | F92: Việt Nam | H92: 036076021714 | I92: Sơ cấp | L92: Không xác định | M92: 34589 | N92: 34589 | O92: 34589 | P92: 34589 | Q92: 7976000 | R92: 1892000
A93: 87 | B93: D026 | C93: Nguyễn Hùng Hà | D93: Nam | E93: 26781 | F93: Việt Nam | H93: 091073000022 | I93: Sơ cấp | L93: Không xác định | M93: 36161 | N93: 36161 | O93: 36161 | P93: 36161 | Q93: 7454000 | R93: 0
A94: 88 | B94: D034 | C94: Nguyễn Công Phương | D94: Nam | E94: 27251 | F94: Việt Nam | H94: 040074000865 | I94: Sơ cấp | L94: Không xác định | M94: 36404 | N94: 36404 | O94: 36404 | P94: 36404 | Q94: 7454000 | R94: 1419000
A95: 89 | B95: D042 | C95: Võ Nghĩa Hòa | D95: Nam | E95: 30177 | F95: Việt Nam | H95: 092082005430 | I95: Sơ cấp | L95: Không xác định | M95: 37987 | N95: 37987 | O95: 37987 | P95: 37987 | Q95: 8385000 | R95: 1419000
A96: 90 | B96: D050 | C96: Lê Như Thuần | D96: Nam | E96: 29575 | F96: Việt Nam | H96: 042080000443 | I96: Sơ cấp | L96: Không xác định | M96: 39188 | N96: 39188 | O96: 39188 | P96: 39188 | Q96: 6966000 | R96: 0
A97: 91 | B97: D095 | C97: Nguyễn Văn Huy | D97: Nam | E97: 28992 | F97: Việt Nam | H97: 037079000810 | I97: Sơ cấp | L97: Không xác định | M97: 41092 | N97: 41092 | O97: 41092 | P97: 41092 | Q97: 6510000 | R97: 0
A98: 92 | B98: D100 | C98: Nguyễn Hữu Tân | D98: Nam | E98: 32311 | F98: Việt Nam | H98: 092088014526 | I98: Đại học | L98: Không xác định | M98: 41339 | N98: 41339 | O98: 41339 | P98: 41339 | Q98: 6966000 | R98: 0
... A108: 102 | B108: D123 | C108: Cao Nhật Linh | D108: Nam | E108: 31397 | F108: Việt Nam | H108: 087085018724 | I108: Trung cấp | L108: Không xác định | M108: 45261 | N108: 45261 | O108: 45261 | P108: 45261 | Q108: 5314000 | R108: 0
A109: 103 | B109: D124 | C109: Lã Hữu Thành | D109: Nam | E109: 31271 | F109: Việt Nam | H109: 037085010267 | I109: Trung cấp | L109: Không xác định | M109: 45632 | N109: 45632 | O109: 45632 | P109: 45632 | Q109: 4719000
A110: 104 | B110: D125 | C110: Nguyễn Hoàng Nhân | D110: Nam | E110: 30201 | F110: Việt Nam | H110: 092082013457 | I110: Trung cấp | L110: 12 tháng | M110: 45767 | N110: 45767 | O110: 45767 | P110: 45767 | Q110: 4955000
A111: 105 | B111: D126 | C111: Phạm Hồng Cần | D111: Nam | E111: 30317 | F111: Việt Nam | H111: 092083014745 | I111: Trung cấp | L111: 12 tháng | M111: 45868 | N111: 45868 | O111: 45868 | P111: 45868 | Q111: 4955000
A112: 106 | B112: D127 | C112: Phạm Lê Như Quỳnh | D112: Nữ | E112: 45663 | F112: Việt Nam | H112: 092302000411 | I112: Cao Đẳng | L112: 12 tháng | M112: 45988 | N112: 45988 | O112: 45988 | P112: 45988 | Q112: 5097000
...

Sheet T1-26
B1: DANH SÁCH NHÂN SỰ | R1: Ngày làm | S1: Năm công tác | T1: Ngày tính
B2: XÍ NGHIỆP PHÂN BÓN HÓA CHẤT | R2: 37087 | S2: =DATEDIF(R2,T2,"Y") & " NĂM " &DATEDIF(R2,T2,"YM") & " THÁNG " & DATEDIF(R2,T2, "MD") & " NGÀY " -> 7 NĂM 5 THÁNG 16 NGÀY | T2: 39813
A4: STT | B4: STT | C4: MÃ SỐ | E4: HỌ VÀ TÊN | G4: Lương | H4: Phụ cấp | I4: GIỚI TÍNH | K4: DÂN TỘC | L4: TÔN GIÁO | M4: CHỨC VỤ | N4: ĐƠN VỊ CÔNG TÁC | O4: NGÀY SINH | P4: NGÀY LÀM | Q4: HĐLĐ | R4: SỐ HĐLĐ | S4: NĂM CÔNG TÁC | T4: CMND | U4: CCCD | V4: Quốc tịch | W4: Nâng Lương | X4: Số ngày nghỉ trong năm | Y4: Số giờ làm thêm | Z4: Đào tạo bồi dưỡng chuyên môn KT | AA4: Kỷ luật lao động | AB4: Trách nhiệm vật chất | AC4: Tai nạn lao động | AD4: Bệnh nghề nghiệp | AE4: Thời điểm chấm dứt HĐLĐ | AF4: Lý do | AG4: NGÀY CẤP | AI4: NƠI CẤP | AJ4: NƠI SINH | AK4: ĐỊA CHỈ THƯỜNG TRÚ | AL4: ĐỊA CHỈ HIỆN NAY | AM4: SỐ ĐIỆN THOẠI | AN4: TRÌNH ĐỘ | AO4: CHUYÊN NGÀNH | AP4: CÔNG VIỆC PHẢI LÀM | AQ4: Tuổi
A5: =IF(C5=0,"",SUBTOTAL(3,C$5:C5)) -> 1 | B5: 1 | C5: A268 | D5: =VLOOKUP(C5,Sheet4!$A$1:$B$300,2,0) -> 9213003755 | E5: Nguyễn Công Huân | F5: =VLOOKUP(D5,'Sheet1 (2)'!$D$11:$F$338,3,0) -> Nguyễn Công Huân | G5: =VLOOKUP(C5,'chuyển xếp 2024'!$C$5:$W$328,17,0) -> 26000000 | H5: =VLOOKUP(C5,'chuyển xếp 2024'!$C$5:$W$328,19,0) -> 0 | I5: Nam | J5: =IF(I5="nữ",0,1) -> 1 | K5: Kinh | L5: Không | M5: TGĐ | O5: 31483 | P5: 41379 | Q5: Không xác định | R5: 2 /HĐ/PBHC/16 | S5: =DATEDIF(P5,TODAY(),"Y") & " NĂM " &DATEDIF(P5,TODAY(),"YM") & " THÁNG " & DATEDIF(P5,TODAY(), "MD") & " NGÀY " -> 13 NĂM 4 THÁNG 4 NGÀY | T5: 092086007417 | U5: =VLOOKUP(C5,Sheet5!$B$2:$G$253,6,0) -> 092086007417 | AG5: 44743 | AI5: Cục cảnh sát QLHC về TTXH | AJ5: Phường Xuân Khánh, Quận Ninh Kiều, Thành phố Cần Thơ | AK5: Số 166 Nguyễn Thị Minh Khai, Phường Xuân Khánh, Quận Ninh Kiều, TP Cần Thơ. | AL5: Số 9 Cồn Khương, Phường Cái Khế, Quận Ninh Kiều, Thành phố Cần Thơ | AN5: Thạc sĩ | AO5: Bác sĩ & Quản trị Kinh doanh | AQ5: =DATEDIF(O5,TODAY(),"y") -> 40
A6: =IF(C6=0,"",SUBTOTAL(3,C$5:C6)) -> 2 | B6: 2 | C6: A035 | D6: =VLOOKUP(C6,Sheet4!$A$1:$B$300,2,0) -> 5496032611 | E6: Nguyễn Nam Bình | F6: =VLOOKUP(D6,'Sheet1 (2)'!$D$11:$F$338,3,0) -> Nguyễn Nam Bình | G6: =VLOOKUP(C6,'chuyển xếp 2024'!$C$5:$W$328,17,0) -> 23000000 | H6: =VLOOKUP(C6,'chuyển xếp 2024'!$C$5:$W$328,19,0) -> 0 | I6: Nam | J6: =IF(I6="nữ",0,1) -> 1 | K6: Kinh | L6: Không | M6: Phó TGĐ kiêm Chủ tịch HĐTV Cty TNHH Hữu cơ đậm đặc | O6: 26344 | P6: 34243 | Q6: Không xác định | S6: =DATEDIF(P6,TODAY(),"Y") & " NĂM " &DATEDIF(P6,TODAY(),"YM") & " THÁNG " & DATEDIF(P6,TODAY(), "MD") & " NGÀY " -> 32 NĂM 10 THÁNG 18 NGÀY | T6: 034072016055 | U6: =VLOOKUP(C6,Sheet5!$B$2:$G$253,6,0) -> 034072016055 | AG6: 44522 | AI6: Cục cảnh sát QLHC về TTXH | AJ6: Thị trấn An Bài, Tỉnh Thái Bình. | AK6: U5 Nguyễn Ngọc Trai, phường Xuân Khánh, quận Ninh Kiều, TP Cần Thơ. | AL6: U5 Nguyễn Ngọc Trai, phường Xuân Khánh, quận Ninh Kiều, TP Cần Thơ. | AN6: Đại học | AO6: Kế toán tài chính | AQ6: =DATEDIF(O6,TODAY(),"y") -> 54
A7: =IF(C7=0,"",SUBTOTAL(3,C$5:C7)) -> 3 | B7: 3 | C7: A131 | D7: =VLOOKUP(C7,Sheet4!$A$1:$B$300,2,0) -> 5402005143 | E7: Trần Ngọc Văn | F7: =VLOOKUP(D7,'Sheet1 (2)'!$D$11:$F$338,3,0) -> Trần Ngọc Văn | G7: 21850000 | I7: Nam | J7: =IF(I7="nữ",0,1) -> 1 | K7: Kinh | L7: Phật | M7: P tổng giám đốc | N7: Phòng TT | O7: 28775 | P7: 37104 | Q7: Không xác định | R7: 16 /HĐ/PBHC/16 | S7: =DATEDIF(P7,TODAY(),"Y") & " NĂM " &DATEDIF(P7,TODAY(),"YM") & " THÁNG " & DATEDIF(P7,TODAY(), "MD") & " NGÀY " -> 25 NĂM 0 THÁNG 18 NGÀY | T7: 089078019969 | U7: =VLOOKUP(C7,Sheet5!$B$2:$G$253,6,0) -> 089078019969 | AI7: Cục cảnh sát QLHC về TTXH | AJ7: Xã Tân Hòa, Huyện Phú Tân, Tỉnh An Giang. | AK7: P. Mỹ Phước, TP Long Xuyên, T. An Giang | AL7: Khu TT Công An, P. An Hòa, Q. Ninh Kiều, TP Cần Thơ | AM7: 0639664171 | AN7: Đại học | AO7: Kỹ sư nông nghiệp | AP7: Theo chức năng nhiệm vụ được TGĐ giao | AQ7: =DATEDIF(O7,TODAY(),"y") -> 47
A8: =IF(C8=0,"",SUBTOTAL(3,C$5:C8)) -> 4 | B8: 4 | C8: A190 | D8: =VLOOKUP(C8,Sheet4!$A$1:$B$300,2,0) -> 6506006858 | E8: Trần Siêu Đẳng | F8: =VLOOKUP(D8,'Sheet1 (2)'!$D$11:$F$338,3,0) -> Trần Siêu Đẳng | G8: 21850000 | I8: Nam | J8: =IF(I8="nữ",0,1) -> 1 | K8: Kinh | L8: Không | M8: P tổng Giám đốc | N8: VP XN. PB&HC | O8: 29335 | P8: 39052 | Q8: Không xác định | R8: 199 /HĐ/PBHC/16 | S8: =DATEDIF(P8,TODAY(),"Y") & " NĂM " &DATEDIF(P8,TODAY(),"YM") & " THÁNG " & DATEDIF(P8,TODAY(), "MD") & " NGÀY " -> 19 NĂM 8 THÁNG 18 NGÀY | T8: 212021584 | U8: =VLOOKUP(C8,Sheet5!$B$2:$G$253,6,0) -> 051080007405 | AG8: 40938 | AI8: Cục cảnh sát QLHC về TTXH | AJ8: Xã Phổ Phong, Huyện Đức Phổ, Tỉnh Quảng Ngãi. | AK8: 130 đường 30/4, Phường Hưng Lợi, Quận Ninh Kiều, TP.Cần Thơ. | AN8: Đại học | AO8: Công nghệ hóa học | AP8: Theo chức năng nhiệm vụ được Tổng giám đốc giao | AQ8: =DATEDIF(O8,TODAY(),"y") -> 46
A9: =IF(C9=0,"",SUBTOTAL(3,C$5:C9)) -> 5 | B9: 5 | C9: A391 | D9: =VLOOKUP(C9,Sheet4!$A$1:$B$300,2,0) -> 8616014612 | E9: Võ Quỳnh Như | F9: =VLOOKUP(D9,'Sheet1 (2)'!$D$11:$F$338,3,0) -> Võ Quỳnh Như | G9: =VLOOKUP(C9,'chuyển xếp 2024'!$C$5:$W$328,21,0) -> 6579000 | H9: =VLOOKUP(C9,'chuyển xếp 2024'!$C$5:$W$328,19,0) -> 0 | I9: Nữ | J9: =IF(I9="nữ",0,1) -> 0 | K9: Kinh | L9: Không | N9: Phòng XNK | O9: 34643 | P9: 44713 | Q9: Không xác định | R9: 17/HĐ-PBHC/2022 | S9: =DATEDIF(P9,TODAY(),"Y") & " NĂM " &DATEDIF(P9,TODAY(),"YM") & " THÁNG " & DATEDIF(P9,TODAY(), "MD") & " NGÀY " -> 4 NĂM 2 THÁNG 18 NGÀY | T9: 341725735 | U9: =VLOOKUP(C9,Sheet5!$B$2:$G$253,6,0) -> 087194013763 | AG9: 40353 | AI9: Cục cảnh sát QLHC về TTXH | AJ9: 138 Ấp An Lợi, X. An Khánh, H. Châu Thành, T. Đồng Tháp | AK9: 138 Ấp An Lợi, X. An Khánh, H. Châu Thành, T. Đồng Tháp | AM9: 0979 176 415 | AN9: Đại học | AO9: Ngôn ngữ Anh | AP9: Do Trưởng phòng phân công công việc | AQ9: =DATEDIF(O9,TODAY(),"y") -> 31
A10: =IF(C10=0,"",SUBTOTAL(3,C$5:C10)) -> 6 | B10: 1 | C10: A279 | D10: =VLOOKUP(C10,Sheet4!$A$1:$B$300,2,0) -> 9212004554 | E10: Nguyễn Thanh Duy | F10: =VLOOKUP(D10,'Sheet1 (2)'!$D$11:$F$338,3,0) -> Nguyễn Thanh Duy | G10: =VLOOKUP(C10,'chuyển xếp 2024'!$C$5:$W$328,17,0) -> 7673000 | H10: =VLOOKUP(C10,'chuyển xếp 2024'!$C$5:$W$328,19,0) -> 2365000 | I10: Nam | J10: =IF(I10="nữ",0,1) -> 1 | K10: Kinh | L10: Không | M10: Trưởng phòng | N10: P. KHVT | O10: 32952 | P10: 41609 | Q10: Không xác định | R10: 4 /HĐ/PBHC/16 | S10: =DATEDIF(P10,TODAY(),"Y") & " NĂM " &DATEDIF(P10,TODAY(),"YM") & " THÁNG " & DATEDIF(P10,TODAY(), "MD") & " NGÀY " -> 12 NĂM 8 THÁNG 18 NGÀY | T10: 092090014793 | U10: =VLOOKUP(C10,Sheet5!$B$2:$G$253,6,0) -> 092090014793 | AI10: Cục cảnh sát QLHC về TTXH | AJ10: Phường Thới Bình, Quận Ninh Kiều, Thành phố Cần Thơ. | AK10: 228/74A Phạm Ngũ Lão, P. An Hòa, Q. NK, TPCT | AL10: 228/74A Phạm Ngũ Lão, P. An Hòa, Q. NK, TPCT | AM10: 0939155888 | AN10: Đại học | AO10: KT Ngoại Thương | AP10: Do Trưởng phòng phân công công việc | AQ10: =DATEDIF(O10,TODAY(),"y") -> 36
A11: =IF(C11=0,"",SUBTOTAL(3,C$5:C11)) -> 7 | B11: 2 | C11: A255 | D11: =VLOOKUP(C11,Sheet4!$A$1:$B$300,2,0) -> 9212004139 | E11: Trầm Trung Bích Thảo | F11: =VLOOKUP(D11,'Sheet1 (2)'!$D$11:$F$338,3,0) -> Trầm Trung Bích Thảo | G11: =VLOOKUP(C11,'chuyển xếp 2024'!$C$5:$W$328,17,0) -> 7673000 | H11: =VLOOKUP(C11,'chuyển xếp 2024'!$C$5:$W$328,19,0) -> 1892000 | I11: Nữ | J11: =IF(I11="nữ",0,1) -> 0 | K11: Kinh | L11: Không | M11: Phó phòng | N11: P. KHVT | O11: 32616 | P11: 40977 | Q11: Không xác định | R11: 6 /HĐ/PBHC/16 | S11: =DATEDIF(P11,TODAY(),"Y") & " NĂM " &DATEDIF(P11,TODAY(),"YM") & " THÁNG " & DATEDIF(P11,TODAY(), "MD") & " NGÀY " -> 14 NĂM 5 THÁNG 10 NGÀY | T11: 094189000207 | U11: =VLOOKUP(C11,Sheet5!$B$2:$G$253,6,0) -> 094189000207 | AG11: 38540 | AI11: Cục cảnh sát QLHC về TTXH | AJ11: Xã Đại Tâm, Huyện Mỹ Xuyên, Tỉnh Sóc Trăng | AK11: 63A hẻm 3 Mậu Thân, P. Xuân Khánh, Q. Ninh Kiều, TP. Cần Thơ | AL11: 63A hẻm 3 Mậu Thân, P. Xuân Khánh, Q. Ninh Kiều, TP. Cần Thơ | AM11: 0988978619 | AN11: Đại học | AO11: Công nghệ hóa học | AP11: Theo chức năng nhiệm vụ được TGĐ giao | AQ11: =DATEDIF(O11,TODAY(),"y") -> 37
A12: =IF(C12=0,"",SUBTOTAL(3,C$5:C12)) -> 8 | B12: 3 | C12: A358 | D12: =VLOOKUP(C12,Sheet4!$A$1:$B$300,2,0) -> 9221356007 | E12: Trần Ngọc Bảo Trân | F12: =VLOOKUP(D12,'Sheet1 (2)'!$D$11:$F$338,3,0) -> Trần Ngọc Bảo Trân | G12: =VLOOKUP(C12,'chuyển xếp 2024'!$C$5:$W$328,21,0) -> 7105000 | H12: =VLOOKUP(C12,'chuyển xếp 2024'!$C$5:$W$328,19,0) -> 0 | I12: Nữ | J12: =IF(I12="nữ",0,1) -> 0 | K12: Kinh | L12: Không | N12: P. KHVT | O12: 34769 | P12: 43282 | Q12: Không xác định | R12: 15.1 /HĐ-PBHC/19 | S12: =DATEDIF(P12,TODAY(),"Y") & " NĂM " &DATEDIF(P12,TODAY(),"YM") & " THÁNG " & DATEDIF(P12,TODAY(), "MD") & " NGÀY " -> 8 NĂM 1 THÁNG 18 NGÀY | T12: 362488362 | U12: =VLOOKUP(C12,Sheet5!$B$2:$G$253,6,0) -> 092195009932 | AG12: 41193 | AI12: Cục cảnh sát QLHC về TTXH | AJ12: Phường Xuân Khánh, Quận Ninh Kiều, Thành phố Cần Thơ. | AK12: 126 Lê Anh Xuân, Phường An Hòa, Quận Ninh Kiều, Thành phố Cần Thơ. | AL12: 126 Lê Anh Xuân, Phường An Hòa, Quận Ninh Kiều, Thành phố Cần Thơ. | AM12: 0834500115 | AN12: Đại học | AO12: Cử nhân sinh học | AP12: Do Trưởng phòng phân công công việc | AQ12: =DATEDIF(O12,TODAY(),"y") -> 31
A13: =IF(C13=0,"",SUBTOTAL(3,C$5:C13)) -> 9 | B13: 4 | C13: A369 | D13: =VLOOKUP(C13,Sheet4!$A$1:$B$300,2,0) -> 8722989947 | E13: Phan Thanh Trường | F13: =VLOOKUP(D13,'Sheet1 (2)'!$D$11:$F$338,3,0) -> Phan Thanh Trường | G13: =VLOOKUP(C13,'chuyển xếp 2024'!$C$5:$W$328,21,0) -> 7105000 | H13: =VLOOKUP(C13,'chuyển xếp 2024'!$C$5:$W$328,19,0) -> 0 | I13: Nam | J13: =IF(I13="nữ",0,1) -> 1 | K13: Kinh | L13: Không | N13: P. KHVT | O13: 35312 | P13: 43647 | Q13: Không xác định | R13: 04.1/HĐ-PBHC/20 | S13: =DATEDIF(P13,TODAY(),"Y") & " NĂM " &DATEDIF(P13,TODAY(),"YM") & " THÁNG " & DATEDIF(P13,TODAY(), "MD") & " NGÀY " -> 7 NĂM 1 THÁNG 18 NGÀY | T13: 341841411 | U13: =VLOOKUP(C13,Sheet5!$B$2:$G$253,6,0) -> 087096014501 | AG13: 41081 | AI13: Cục cảnh sát QLHC về TTXH | AJ13: Xã Long Hậu, Huyện Lai Vung, Tỉnh Đồng Tháp. | AK13: 93/24 Nguyễn Việt Dũng, P. An Thới, Q. Bình Thủy, TP Cần Thơ | AL13: 93/24 Nguyễn Việt Dũng, P. An Thới, Q. Bình Thủy, TP Cần Thơ | AM13: 0907902546 | AN13: Đại học | AO13: Marketing | AP13: Do Trưởng phòng phân công công việc | AQ13: =DATEDIF(O13,TODAY(),"y") -> 29
A14: =IF(C14=0,"",SUBTOTAL(3,C$5:C14)) -> 10 | B14: 5 | C14: A385 | D14: 8923922038 | E14: Nguyễn Thị Thùy Miên | F14: =VLOOKUP(D14,'Sheet1 (2)'!$D$11:$F$338,3,0) -> Nguyễn Thị Thùy Miên | G14: =VLOOKUP(C14,'chuyển xếp 2024'!$C$5:$W$328,21,0) -> 7105000 | H14: =VLOOKUP(C14,'chuyển xếp 2024'!$C$5:$W$328,19,0) -> 0 | I14: Nữ | J14: =IF(I14="nữ",0,1) -> 0 | K14: Kinh | L14: Không | N14: P. KHVT | O14: 35554 | P14: 44349 | Q14: Không xác định | R14: 18/HĐ-PBHC/2021 | S14: =DATEDIF(P14,TODAY(),"Y") & " NĂM " &DATEDIF(P14,TODAY(),"YM") & " THÁNG " & DATEDIF(P14,TODAY(), "MD") & " NGÀY " -> 5 NĂM 2 THÁNG 17 NGÀY | T14: 089197013110 | U14: =VLOOKUP(C14,Sheet5!$B$2:$G$253,6,0) -> 089197013110 | AG14: 44916 | AI14: Cục cảnh sát QLHC về TTXH | AJ14: Xã Long Điền B, Huyện Chợ Mới, Tỉnh An Giang | AK14: Ấp Long Quới 1, Xã Long Điền B, Huyện Chợ Mới, Tỉnh An Giang | AL14: 95 Trần Chiên, P. Lê Bình, Q. Cái Răng, TP Cần Thơ | AM14: 0969342484 | AN14: Đại học | AO14: Công nghệ kỹ thuật Hóa học | AP14: Do Trưởng phòng phân công công việc | AQ14: =DATEDIF(O14,TODAY(),"y") -> 29
A15: =IF(C15=0,"",SUBTOTAL(3,C$5:C15)) -> 11 | B15: 6 | C15: A289 | D15: =VLOOKUP(C15,Sheet4!$A$1:$B$300,2,0) -> 5499003403 | E15: Hoàng Thị Thanh Mai | F15: =VLOOKUP(D15,'Sheet1 (2)'!$D$11:$F$338,3,0) -> Hoàng Thị Thanh Mai | G15: =VLOOKUP(C15,'chuyển xếp 2024'!$C$5:$W$328,21,0) -> 6375000 | H15: =VLOOKUP(C15,'chuyển xếp 2024'!$C$5:$W$328,19,0) -> 0 | I15: Nữ | J15: =IF(I15="nữ",0,1) -> 0 | K15: Kinh | L15: Không | N15: P. KHVT | O15: 29150 | P15: 41744 | Q15: Không xác định | R15: 29 /HĐ/PBHC/16 | S15: =DATEDIF(P15,TODAY(),"Y") & " NĂM " &DATEDIF(P15,TODAY(),"YM") & " THÁNG " & DATEDIF(P15,TODAY(), "MD") & " NGÀY " -> 12 NĂM 4 THÁNG 4 NGÀY | T15: 036179013255 | U15: =VLOOKUP(C15,Sheet5!$B$2:$G$253,6,0) -> 036179013255 | AI15: Cục cảnh sát QLHC về TTXH | AJ15: Phường Trà Nóc, Quận Bình Thuỷ, Thành phố Cần Thơ. | AK15: B11 Nguyễn Thông, Phường An Thới, Quận Ô Môn, Thành phố Cần Thơ. | AL15: B11 Nguyễn Thông, Phường An Thới, Quận Ô Môn, Thành phố Cần Thơ. | AM15: 0972835009 | AN15: Trung cấp | AO15: Kế toán | AP15: Do Trưởng phòng phân công công việc | AQ15: =DATEDIF(O15,TODAY(),"y") -> 46
A16: =IF(C16=0,"",SUBTOTAL(3,C$5:C16)) -> 12 | B16: 7 | C16: A215 | D16: =VLOOKUP(C16,Sheet4!$A$1:$B$300,2,0) -> 9208007865 | E16: Nguyễn Thị Mỹ Nhiên | F16: =VLOOKUP(D16,'Sheet1 (2)'!$D$11:$F$338,3,0) -> Nguyễn Thị Mỹ Nhiên | G16: =VLOOKUP(C16,'chuyển xếp 2024'!$C$5:$W$328,21,0) -> 8287000 | H16: =VLOOKUP(C16,'chuyển xếp 2024'!$C$5:$W$328,19,0) -> 0 | I16: Nữ | J16: =IF(I16="nữ",0,1) -> 0 | K16: Kinh | L16: Không | N16: P. KHVT | O16: 30333 | P16: 39539 | Q16: Không xác định | R16: 308 /HĐ/PBHC/16 | S16: =DATEDIF(P16,TODAY(),"Y") & " NĂM " &DATEDIF(P16,TODAY(),"YM") & " THÁNG " & DATEDIF(P16,TODAY(), "MD") & " NGÀY " -> 18 NĂM 4 THÁNG 18 NGÀY | T16: 093183000309 | U16: =VLOOKUP(C16,Sheet5!$B$2:$G$253,6,0) -> 093183000309 | AI16: Cục cảnh sát QLHC về TTXH | AJ16: Xã Phú Hữu, Huyện Châu Thành, Tỉnh Hậu Giang | AK16: 24 Bế Văn Đàn, Phường An Hòa, Quận Ninh Kiều, Thành phố Cần Thơ. | AL16: 24 Bế Văn Đàn, Phường An Hòa, Quận Ninh Kiều, Thành phố Cần Thơ. | AN16: Đại học | AO16: Công nghệ hóa học | AP16: Do Trưởng phòng phân công công việc | AQ16: =DATEDIF(O16,TODAY(),"y") -> 43
A17: =IF(C17=0,"",SUBTOTAL(3,C$5:C17)) -> 13 | B17: 8 | C17: A408 | D17: =VLOOKUP(C17,Sheet4!$A$1:$B$300,2,0) -> 9222378283 | E17: Trần Chí Đan | F17: =VLOOKUP(D17,'Sheet1 (2)'!$D$11:$F$338,3,0) -> Trần Chí Đan | G17: =VLOOKUP(C17,'chuyển xếp 2024'!$C$5:$W$328,21,0) -> 6579000 | H17: =VLOOKUP(C17,'chuyển xếp 2024'!$C$5:$W$328,19,0) -> 0 | I17: Nam | J17: =IF(I17="nữ",0,1) -> 1 | K17: Kinh | L17: Không | N17: P. KHVT | O17: 36024 | P17: 45231 | Q17: Không xác định | R17: 57/HĐ/PBHC/2023 | S17: =DATEDIF(P17,TODAY(),"Y") & " NĂM " &DATEDIF(P17,TODAY(),"YM") & " THÁNG " & DATEDIF(P17,TODAY(), "MD") & " NGÀY " -> 2 NĂM 9 THÁNG 18 NGÀY | T17: 092098000305 | U17: 092098000305 | AG17: 2//8/10/2022 | AI17: Cục cảnh sát QLHC về TTXH | AJ17: Xã Trường Thành, huyện Thới Lai, Tp Cần Thơ | AK17: Ấp Trường Tây,Xã Trường Thành, huyện Thới Lai, Tp Cần Thơ | AN17: Đại học | AO17: Công nghệ sinh học | AP17: Do Trưởng phòng phân công công việc | AQ17: =DATEDIF(O17,TODAY(),"y") -> 28
A18: =IF(C18=0,"",SUBTOTAL(3,C$5:C18)) -> 14 | B18: 9 | C18: A414 | D18: =VLOOKUP(C18,Sheet4!$A$1:$B$300,2,0) -> 9320886452 | E18: Trần Văn Giàu | F18: =VLOOKUP(D18,'Sheet1 (2)'!$D$11:$F$338,3,0) -> Trần Văn Giàu | G18: =VLOOKUP(C18,'chuyển xếp 2024'!$C$5:$W$328,21,0) -> 5466000 | H18: =VLOOKUP(C18,'chuyển xếp 2024'!$C$5:$W$328,19,0) -> 0 | I18: Nam | J18: =IF(I18="nữ",0,1) -> 1 | K18: Kinh | L18: Không | N18: P. KHVT | O18: 37034 | P18: 45444 | Q18: 12 tháng | R18: 38/HĐ/PBHC/2024 | S18: =DATEDIF(P18,TODAY(),"Y") & " NĂM " &DATEDIF(P18,TODAY(),"YM") & " THÁNG " & DATEDIF(P18,TODAY(), "MD") & " NGÀY " -> 2 NĂM 2 THÁNG 18 NGÀY | T18: 93201003354 | U18: 093201003354 | AG18: 44326 | AI18: Cục cảnh sát QLHC về TTXH | AJ18: Xã Đại Thành, Tp Ngã Bãy, Hậu Giang. | AK18: Ấp Sơn Phú, Xã Đại Thành, Tp Ngã Bãy, Hậu Giang. | AN18: Cao Đẳng | AO18: Thiết kế, Đồ Họa | AP18: Do Trưởng phòng phân công công việc | AQ18: =DATEDIF(O18,TODAY(),"y") -> 25
A19: =IF(C19=0,"",SUBTOTAL(3,C$5:C19)) -> 15 | B19: 10 | C19: C109 | D19: =VLOOKUP(C19,Sheet4!$A$1:$B$300,2,0) -> 5496032498 | E19: Lê Huy Minh | F19: =VLOOKUP(D19,'Sheet1 (2)'!$D$11:$F$338,3,0) -> Lê Huy Minh | G19: =VLOOKUP(C19,'chuyển xếp 2024'!$C$5:$W$328,17,0) -> 8287000 | H19: =VLOOKUP(C19,'chuyển xếp 2024'!$C$5:$W$328,19,0) -> 1892000 | I19: Nam | J19: =IF(I19="nữ",0,1) -> 1 | K19: Kinh | L19: Không | M19: Phó phòng | N19: P. KHVT | O19: 28537 | P19: 34824 | Q19: Không xác định | R19: 8 /HĐ/PBHC/16 | S19: =DATEDIF(P19,TODAY(),"Y") & " NĂM " &DATEDIF(P19,TODAY(),"YM") & " THÁNG " & DATEDIF(P19,TODAY(), "MD") & " NGÀY " -> 31 NĂM 3 THÁNG 14 NGÀY | T19: 038078000972 | U19: =VLOOKUP(C19,Sheet5!$B$2:$G$253,6,0) -> 038078000972 | AG19: 36572 | AI19: Cục cảnh sát QLHC về TTXH | AJ19: Xã Hải Hòa, Huyện Tĩnh Gia, Tỉnh Thanh Hoá. | AK19: 183/6 Lê Hồng Phong, Phường Trà Nóc, Quận Bình Thuỷ, Thành phố Cần Thơ. | AL19: 183/6 Lê Hồng Phong, Phường Trà Nóc, Quận Bình Thuỷ, Thành phố Cần Thơ. | AM19: 0916413878 | AN19: Đại học | AO19: QTKD | AP19: Do Trưởng phòng phân công công việc | AQ19: =DATEDIF(O19,TODAY(),"y") -> 48
A20: =IF(C20=0,"",SUBTOTAL(3,C$5:C20)) -> 16 | B20: 11 | C20: A288 | D20: =VLOOKUP(C20,Sheet4!$A$1:$B$300,2,0) -> 9214004739 | E20: Nguyễn Hải Đăng | F20: =VLOOKUP(D20,'Sheet1 (2)'!$D$11:$F$338,3,0) -> Nguyễn Hải Đăng | G20: =VLOOKUP(C20,'chuyển xếp 2024'!$C$5:$W$328,21,0) -> #N/A | H20: =VLOOKUP(C20,'chuyển xếp 2024'!$C$5:$W$328,19,0) -> #N/A | I20: Nam | J20: =IF(I20="nữ",0,1) -> 1 | K20: Kinh | L20: Không | N20: P. KHVT | O20: 33156 | P20: 41730 | Q20: Không xác định | R20: 5 /HĐ/PBHC/16 | S20: =DATEDIF(P20,TODAY(),"Y") & " NĂM " &DATEDIF(P20,TODAY(),"YM") & " THÁNG " & DATEDIF(P20,TODAY(), "MD") & " NGÀY " -> 12 NĂM 4 THÁNG 18 NGÀY | T20: 093090005260 | U20: =VLOOKUP(C20,Sheet5!$B$2:$G$253,6,0) -> 093090005260 | AI20: Cục cảnh sát QLHC về TTXH | AJ20: Xã Thuận Hưng, Huyện Long Mỹ, Tỉnh Hậu Giang. | AK20: Cạnh 162/54 đường Trần Quang Diệu, P.An Thới, Q. Bình Thủy, TP. Cần Thơ | AL20: Cạnh 162/54 đường Trần Quang Diệu, P.An Thới, Q. Bình Thủy, TP. Cần Thơ | AM20: 0907441113 | AN20: Đại học | AO20: QTKD | AP20: Do Trưởng phòng phân công công việc | AQ20: =DATEDIF(O20,TODAY(),"y") -> 35
A21: =IF(C21=0,"",SUBTOTAL(3,C$5:C21)) -> 17 | B21: 12 | C21: A339 | D21: =VLOOKUP(C21,Sheet4!$A$1:$B$300,2,0) -> 9216023928 | E21: Lê Minh Toàn | F21: =VLOOKUP(D21,'Sheet1 (2)'!$D$11:$F$338,3,0) -> Lê Minh Toàn | G21: =VLOOKUP(C21,'chuyển xếp 2024'!$C$5:$W$328,21,0) -> 8539000 | H21: =VLOOKUP(C21,'chuyển xếp 2024'!$C$5:$W$328,19,0) -> 1892000 | I21: Nam | J21: =IF(I21="nữ",0,1) -> 1 | K21: Kinh | L21: Không | N21: P. KHVT | O21: 33063 | P21: 42675 | Q21: Không xác định | R21: 14 /HĐ/PBHC/16 | S21: =DATEDIF(P21,TODAY(),"Y") & " NĂM " &DATEDIF(P21,TODAY(),"YM") & " THÁNG " & DATEDIF(P21,TODAY(), "MD") & " NGÀY " -> 9 NĂM 9 THÁNG 18 NGÀY | T21: 092090001386 | U21: =VLOOKUP(C21,Sheet5!$B$2:$G$253,6,0) -> 092090001386 | AG21: 42543 | AI21: Cục cảnh sát QLHC về TTXH | AJ21: Phường Xuân Khánh, Quận Ninh Kiều, Thành phố Cần Thơ. | AK21: 9/126 KDC số 9, đường 30/4, Phường Xuân Khánh, Quận Ninh Kiều, TP. Cần Thơ. | AL21: 9/126 KDC số 9, đường 30/4, Phường Xuân Khánh, Quận Ninh Kiều, TP. Cần Thơ. | AM21: 0919027948 | AN21: Đại học | AO21: Kế toán | AP21: Do Trưởng phòng phân công công việc | AQ21: =DATEDIF(O21,TODAY(),"y") -> 36
A22: =IF(C22=0,"",SUBTOTAL(3,C$5:C22)) -> 18 | B22: 13 | C22: C562 | D22: =VLOOKUP(C22,Sheet4!$A$1:$B$300,2,0) -> 9121911947 | E22: Trần Ngọc Sáng | F22: =VLOOKUP(D22,'Sheet1 (2)'!$D$11:$F$338,3,0) -> Trần Ngọc Sáng | G22: =VLOOKUP(C22,'chuyển xếp 2024'!$C$5:$W$328,21,0) -> 6647000 | H22: =VLOOKUP(C22,'chuyển xếp 2024'!$C$5:$W$328,19,0) -> 0 | I22: Nam | J22: =IF(I22="nữ",0,1) -> 1 | K22: Kinh | L22: Không | N22: P. KHVT | O22: 34773 | P22: 44501 | Q22: Không xác định | R22: 23/HĐ-PBHC/2021 | S22: =DATEDIF(P22,TODAY(),"Y") & " NĂM " &DATEDIF(P22,TODAY(),"YM") & " THÁNG " & DATEDIF(P22,TODAY(), "MD") & " NGÀY " -> 4 NĂM 9 THÁNG 18 NGÀY | T22: 371665103 | U22: 091095006772 | AG22: 43109 | AI22: Cục cảnh sát QLHC về TTXH | AJ22: TT Kiên Lương, H. Kiên Lương, T. Kiên Giang | AK22: 14 Tổ 19 khu phố cư xá mới, TT Kiên Lương, H. Kiên Lương, T. Kiên Giang | AM22: 0888 664 550 | AN22: Cao Đẳng | AO22: Tài chính - Ngân hàng | AP22: Do Trưởng phòng phân công công việc | AQ22: =DATEDIF(O22,TODAY(),"y") -> 31
A23: =IF(C23=0,"",SUBTOTAL(3,C$5:C23)) -> 19 | B23: 14 | C23: A419 | D23: 9221326375 | E23: Nguyễn Trương Bình Nguyên | F23: =VLOOKUP(D23,'Sheet1 (2)'!$D$11:$F$338,3,0) -> Nguyễn Trương Bình Nguyên | G23: 5955000 | I23: Nam | J23: =IF(I23="nữ",0,1) -> 1 | K23: Kinh | L23: Không | N23: P. KHVT | O23: 37611 | P23: 45709 | Q23: 12 tháng | R23: 01/HĐ-PBHC/2025 | S23: =DATEDIF(P23,TODAY(),"Y") & " NĂM " &DATEDIF(P23,TODAY(),"YM") & " THÁNG " & DATEDIF(P23,TODAY(), "MD") & " NGÀY " -> 1 NĂM 5 THÁNG 29 NGÀY | T23: 092202006332 | U23: 092202006332 | AG23: 44816 | AI23: Cục cảnh sát QLHC về TTXH | AJ23: Xuân Khánh, Ninh Kiều, Tp Cần Thơ | AK23: U5 Nguyễn Ngọc Trai, phường Xuân Khánh, quận Ninh Kiều, TP Cần Thơ. | AL23: U5 Nguyễn Ngọc Trai, phường Xuân Khánh, quận Ninh Kiều, TP Cần Thơ. | AM23: 962973361 | AN23: Đại học | AO23: Kinh tế nông nghiệp | AP23: Do Trưởng phòng phân công công việc | AQ23: =DATEDIF(O23,TODAY(),"y") -> 23
A24: =IF(C24=0,"",SUBTOTAL(3,C$5:C24)) -> 20 | B24: 15 | C24: P009 | D24: 9897325409 | E24: Lê Minh Tuấn | F24: =VLOOKUP(D24,'Sheet1 (2)'!$D$11:$F$338,3,0) -> Lê Minh Tuấn | G24: 4410000 | I24: Nam | J24: =IF(I24="nữ",0,1) -> 1 | K24: Kinh | L24: Không | N24: Nhân viên TT BG | O24: 36873 | P24: 45505 | Q24: 12 tháng | R24: 50/HĐLĐ-PBHC/2024 | S24: =DATEDIF(P24,TODAY(),"Y") & " NĂM " &DATEDIF(P24,TODAY(),"YM") & " THÁNG " & DATEDIF(P24,TODAY(), "MD") & " NGÀY " -> 2 NĂM 0 THÁNG 18 NGÀY | T24: 092200006987 | U24: 092200006987 | AG24: 22/11/2021 | AI24: Cục cảnh sát QLHC về TTXH | AJ24: Hưng Lợi, Ninh Kiều, Tp Cấn Thơ | AK24: 9/126 KDC số 9, Phường Xuân Khánh, Quận Ninh Kiều, TP. Cần Thơ. | AL24: 9/126 KDC số 9, Phường Xuân Khánh, Quận Ninh Kiều, TP. Cần Thơ. | AN24: Phổ thông | AP24: Do Trưởng bộ phận phân công công việc | AQ24: =DATEDIF(O24,TODAY(),"y") -> 25
A25: =IF(C25=0,"",SUBTOTAL(3,C$5:C25)) -> 21 | B25: 16 | C25: A422 | D25: 9321782052 | E25: Huỳnh Dương Phương Anh | F25: =VLOOKUP(D25,'Sheet1 (2)'!$D$11:$F$338,3,0) -> Huỳnh Dương Phương Anh | G25: 6135000 | I25: Nữ | J25: =IF(I25="nữ",0,1) -> 0 | K25: Kinh | L25: Không | N25: P. KHVT | O25: 37460 | P25: 45748 | Q25: 12 tháng | R25: 20/HĐ-PBHC/2025 | S25: =DATEDIF(P25,TODAY(),"Y") & " NĂM " &DATEDIF(P25,TODAY(),"YM") & " THÁNG " & DATEDIF(P25,TODAY(), "MD") & " NGÀY " -> 1 NĂM 4 THÁNG 18 NGÀY | T25: 093302001656 | U25: 093302001656 | AG25: 45434 | AI25: Cục cảnh sát QLHC về TTXH | AJ25: Xã Long Phú, Thị xã Long Mỹ, Hậu Giang | AK25: Ấp Long Hoà 2, Xã Long Phú, Thị xã Long Mỹ, Hậu Giang | AN25: Đại học | AO25: Kỹ sư KT hoá học | AP25: Do Trưởng phòng phân công công việc | AQ25: =DATEDIF(O25,TODAY(),"y") -> 24
A26: =IF(C26=0,"",SUBTOTAL(3,C$5:C26)) -> 22 | B26: 17 | C26: A424 | D26: 8721741812 | E26: Đặng Thị Uyên Nhi | F26: =VLOOKUP(D26,'Sheet1 (2)'!$D$11:$F$338,3,0) -> Đặng Thị Uyên Nhi | G26: 6135000 | I26: Nữ | J26: =IF(I26="nữ",0,1) -> 0 | K26: Kinh | L26: Không | N26: P. KHVT | O26: 44710 | P26: 45809 | Q26: 12 tháng | R26: 45/HĐ-PBHC/2025 | S26: =DATEDIF(P26,TODAY(),"Y") & " NĂM " &DATEDIF(P26,TODAY(),"YM") & " THÁNG " & DATEDIF(P26,TODAY(), "MD") & " NGÀY " -> 1 NĂM 2 THÁNG 18 NGÀY | T26: 087302004502 | U26: 087302004502 | AG26: 44371 | AI26: Cục cảnh sát QLHC về TTXH | AJ26: Tân Thuận Tây, Tp Cao Lãnh, Đồng Tháp | AK26: 42 tổ 2, ấp Tân Hậu, Tân Thuận Tây, Tp Cao Lãnh | AL26: 42 tổ 2, ấp Tân Hậu, Tân Thuận Tây, Tp Cao Lãnh | AM26: .07036458862 | AN26: Đại học | AO26: Công nghệ Kỹ thuật hóa học | AP26: Do Trưởng phòng phân công công việc | AQ26: =DATEDIF(O26,TODAY(),"y") -> 4
A27: =IF(C27=0,"",SUBTOTAL(3,C$5:C27)) -> 23 | B27: 18 | C27: A429 | D27: 9221356842 | E27: Lê Võ Nhật Khoa | F27: =VLOOKUP(D27,'Sheet1 (2)'!$D$11:$F$338,3,0) -> Lê Võ Nhật Khoa | G27: 6135000 | I27: Nam | K27: Kinh | L27: Không | N27: P. KHVT | O27: 37948 | P27: 45962 | Q27: 12 tháng | R27: 70/HĐ-PBHC/2025 | S27: =DATEDIF(P27,TODAY(),"Y") & " NĂM " &DATEDIF(P27,TODAY(),"YM") & " THÁNG " & DATEDIF(P27,TODAY(), "MD") & " NGÀY " -> 0 NĂM 9 THÁNG 18 NGÀY | T27: 092203005594 | U27: 092203005594 | AG27: 44894 | AI27: Cục cảnh sát QLHC về TTXH | AJ27: Xuân Khánh, Ninh Kiều, Tp Cần Thơ | AK27: 51G5, đường 3/2, Ninh Kiều, Tp Cần Thơ | AL27: 51G5, đường 3/2, Ninh Kiều, Tp Cần Thơ | AM27: 0708119039 | AN27: Đại học | AO27: Truyền thông | AP27: Do Trưởng phòng phân công công việc
A28: =IF(C28=0,"",SUBTOTAL(3,C$5:C28)) -> 24 | B28: 1 | C28: A246 | D28: =VLOOKUP(C28,Sheet4!$A$1:$B$300,2,0) -> 9210002398 | E28: Trần Minh Giàu | F28: =VLOOKUP(D28,'Sheet1 (2)'!$D$11:$F$338,3,0) -> Trần Minh Giàu | G28: =VLOOKUP(C28,'chuyển xếp 2024'!$C$5:$W$328,21,0) -> 7046000 | H28: =VLOOKUP(C28,'chuyển xếp 2024'!$C$5:$W$328,19,0) -> 0 | I28: Nam | J28: =IF(I28="nữ",0,1) -> 1 | K28: Kinh | L28: Không | N28: Phòng TT | O28: 30348 | P28: 40665 | Q28: Không xác định | R28: 23 /HĐ/PBHC/16 | S28: =DATEDIF(P28,TODAY(),"Y") & " NĂM " &DATEDIF(P28,TODAY(),"YM") & " THÁNG " & DATEDIF(P28,TODAY(), "MD") & " NGÀY " -> 15 NĂM 3 THÁNG 17 NGÀY | T28: 092083009975 | U28: =VLOOKUP(C28,Sheet5!$B$2:$G$253,6,0) -> 092083009975 | AI28: Cục cảnh sát QLHC về TTXH | AJ28: Phường An Nghiệp, Quận Ninh Kiều, Thành phố Cần Thơ. | AK28: 112 Trần Hưng Đạo, Quận Ninh Kiều, Thành phố Cần Thơ. | AL28: 138/28 Tràn Hưng Đạo, P. An Nghiệp, Q. Ninh Kiều, TP Cần Thơ | AM28: 0907930044 | AN28: Đại học | AO28: Kỹ sư nông học | AP28: Do Trưởng phòng phân công công việc | AQ28: =DATEDIF(O28,TODAY(),"y") -> 43
A29: =IF(C29=0,"",SUBTOTAL(3,C$5:C29)) -> 25 | B29: 2 | C29: A327 | D29: =VLOOKUP(C29,Sheet4!$A$1:$B$300,2,0) -> 7912294379 | E29: Lê Trung Hiếu | F29: =VLOOKUP(D29,'Sheet1 (2)'!$D$11:$F$338,3,0) -> Lê Trung Hiếu | G29: =VLOOKUP(C29,'chuyển xếp 2024'!$C$5:$W$328,21,0) -> 6647000 | H29: =VLOOKUP(C29,'chuyển xếp 2024'!$C$5:$W$328,19,0) -> 0 | I29: Nam | J29: =IF(I29="nữ",0,1) -> 1 | K29: Kinh | L29: Không | N29: Phòng TT | O29: 32620 | P29: 42370 | Q29: Không xác định | R29: 466 /HĐ/PBHC/16 | S29: =DATEDIF(P29,TODAY(),"Y") & " NĂM " &DATEDIF(P29,TODAY(),"YM") & " THÁNG " & DATEDIF(P29,TODAY(), "MD") & " NGÀY " -> 10 NĂM 7 THÁNG 18 NGÀY | T29: 086089010769 | U29: =VLOOKUP(C29,Sheet5!$B$2:$G$253,6,0) -> 086089010769 | AI29: Cục cảnh sát QLHC về TTXH | AJ29: Xã Trà Côn, Huyện Trà Ôn, Tỉnh Vĩnh Long. | AK29: ấp Ông Tín, Xã Trà Côn, Huyện Trà Ôn, Tỉnh Vĩnh Long. | AL29: 69/62 Hẻm 583 đường 30/4, P. Hưng Lợi, Q. Ninh Kiều, TP Cần Thơ | AM29: 0978618388 | AN29: Cao đẳng | AO29: Công nghệ hóa học | AP29: Do Trưởng phòng phân công công việc | AQ29: =DATEDIF(O29,TODAY(),"y") -> 37
A30: =IF(C30=0,"",SUBTOTAL(3,C$5:C30)) -> 26 | B30: 3 | C30: H062 | D30: =VLOOKUP(C30,Sheet4!$A$1:$B$300,2,0) -> 9213008128 | E30: Lê Bằng Thẳng | F30: =VLOOKUP(D30,'Sheet1 (2)'!$D$11:$F$338,3,0) -> Lê Bằng Thẳng | G30: =VLOOKUP(C30,'chuyển xếp 2024'!$C$5:$W$328,21,0) -> 6647000 | H30: =VLOOKUP(C30,'chuyển xếp 2024'!$C$5:$W$328,19,0) -> 0 | I30: Nam | J30: =IF(I30="nữ",0,1) -> 1 | K30: Kinh | L30: Không | N30: Phòng TT | O30: 31643 | P30: 42156 | Q30: Không xác định | R30: 449 /HĐ/PBHC/16 | S30: =DATEDIF(P30,TODAY(),"Y") & " NĂM " &DATEDIF(P30,TODAY(),"YM") & " THÁNG " & DATEDIF(P30,TODAY(), "MD") & " NGÀY " -> 11 NĂM 2 THÁNG 18 NGÀY | T30: 093086003738 | U30: =VLOOKUP(C30,Sheet5!$B$2:$G$253,6,0) -> 093086003738 | AI30: Cục cảnh sát QLHC về TTXH | AJ30: Phường Trà Lồng, Thị xã Long Mỹ, Tỉnh Hậu Giang. | AK30: KV I, Phường Trà Lồng, Thị xã Long Mỹ, Tỉnh Hậu Giang. | AL30: KV6, Phường Trà Nóc, Q. Bình Thủy, TP Cần Thơ | AN30: Đại học | AO30: Luật | AP30: Do Trưởng phòng phân công công việc | AQ30: =DATEDIF(O30,TODAY(),"y") -> 40
A31: =IF(C31=0,"",SUBTOTAL(3,C$5:C31)) -> 27 | B31: 4 | C31: A328 | D31: =VLOOKUP(C31,Sheet4!$A$1:$B$300,2,0) -> 9216001664 | E31: Huỳnh Phú Nhân | F31: =VLOOKUP(D31,'Sheet1 (2)'!$D$11:$F$338,3,0) -> Huỳnh Phú Nhân | G31: =VLOOKUP(C31,'chuyển xếp 2024'!$C$5:$W$328,21,0) -> 7046000 | H31: =VLOOKUP(C31,'chuyển xếp 2024'!$C$5:$W$328,19,0) -> 0 | I31: Nam | J31: =IF(I31="nữ",0,1) -> 1 | K31: Kinh | L31: Không | N31: Phòng TT | O31: 34633 | P31: 42370 | Q31: Không xác định | R31: 467 /HĐ/PBHC/16 | S31: =DATEDIF(P31,TODAY(),"Y") & " NĂM " &DATEDIF(P31,TODAY(),"YM") & " THÁNG " & DATEDIF(P31,TODAY(), "MD") & " NGÀY " -> 10 NĂM 7 THÁNG 18 NGÀY | T31: 092094005136 | U31: =VLOOKUP(C31,Sheet5!$B$2:$G$253,6,0) -> 092094005136 | AI31: Cục cảnh sát QLHC về TTXH | AJ31: Phường Trường Lạc, Quận Ô Môn, Thành phố Cần Thơ. | AK31: 57 KV Bình Thuận, Phường Trường Lạc, Quận Ô Môn, Thành phố Cần Thơ. | AL31: 57 KV Bình Thuận, Phường Trường Lạc, Quận Ô Môn, Thành phố Cần Thơ. | AN31: Trung cấp | AO31: Bảo vệ thực vật | AP31: Do Trưởng phòng phân công công việc | AQ31: =DATEDIF(O31,TODAY(),"y") -> 31
A32: =IF(C32=0,"",SUBTOTAL(3,C$5:C32)) -> 28 | B32: 5 | C32: A367 | D32: =VLOOKUP(C32,Sheet4!$A$1:$B$300,2,0) -> 9222306746 | E32: Lương Phú Vinh | F32: =VLOOKUP(D32,'Sheet1 (2)'!$D$11:$F$338,3,0) -> Lương Phú Vinh | G32: =VLOOKUP(C32,'chuyển xếp 2024'!$C$5:$W$328,21,0) -> 6647000 | H32: =VLOOKUP(C32,'chuyển xếp 2024'!$C$5:$W$328,19,0) -> 0 | I32: Nam | J32: =IF(I32="nữ",0,1) -> 1 | K32: Kinh | L32: Không | N32: Phòng TT | O32: 33917 | P32: 43405 | Q32: Không xác định | R32: 24 /HĐ-PBHC/18 | S32: =DATEDIF(P32,TODAY(),"Y") & " NĂM " &DATEDIF(P32,TODAY(),"YM") & " THÁNG " & DATEDIF(P32,TODAY(), "MD") & " NGÀY " -> 7 NĂM 9 THÁNG 18 NGÀY | T32: 092092010946 | U32: =VLOOKUP(C32,Sheet5!$B$2:$G$253,6,0) -> 092092010946 | AI32: Cục cảnh sát QLHC về TTXH | AJ32: Xã Trường Long, Huyện Phong Điền, Thành phố Cần Thơ. | AK32: Số 02, ấp Trường Ninh, Xã Trường Long, Huyện Phong Điền, Thành phố Cần Thơ. | AN32: Đại học | AO32: Cử nhân sinh học | AP32: Do giám đốc xí nghiệp Phân bón phân công công việc | AQ32: =DATEDIF(O32,TODAY(),"y") -> 33
A33: =IF(C33=0,"",SUBTOTAL(3,C$5:C33)) -> 29 | B33: 6 | C33: A380 | D33: =VLOOKUP(C33,Sheet4!$A$1:$B$300,2,0) -> 8721755467 | E33: Nguyễn Hoài Phong | F33: =VLOOKUP(D33,'Sheet1 (2)'!$D$11:$F$338,3,0) -> Nguyễn Hoài Phong | G33: =VLOOKUP(C33,'chuyển xếp 2024'!$C$5:$W$328,21,0) -> 6647000 | H33: =VLOOKUP(C33,'chuyển xếp 2024'!$C$5:$W$328,19,0) -> 0 | I33: Nam | J33: =IF(I33="nữ",0,1) -> 1 | K33: Kinh | L33: Không | N33: Phòng TT | O33: 35117 | P33: 44044 | Q33: Không xác định | R33: 14/HĐ-PNHC/2020 | S33: =DATEDIF(P33,TODAY(),"Y") & " NĂM " &DATEDIF(P33,TODAY(),"YM") & " THÁNG " & DATEDIF(P33,TODAY(), "MD") & " NGÀY " -> 6 NĂM 0 THÁNG 18 NGÀY | T33: 341792633 | U33: =VLOOKUP(C33,Sheet5!$B$2:$G$253,6,0) -> 089096016279 | AG33: 40840 | AI33: Cục cảnh sát QLHC về TTXH | AJ33: Xã Hòa An, Tp.Cao Lãnh, Tỉnh Đồng Tháp. | AK33: Số 697, Nguyễn Hữu Kiến, Ấp Hòa Long, Xã Hòa An, Tp.Cao Lãnh, Tỉnh Đồng Tháp. | AL33: Hẻm 1, KV1 Trần Vĩnh Kiết, P.An Bình, TP Cần Thơ | AN33: Đại học | AO33: Phát triển nông thôn | AP33: Do Trưởng phòng phân công công việc | AQ33: =DATEDIF(O33,TODAY(),"y") -> 30
A34: =IF(C34=0,"",SUBTOTAL(3,C$5:C34)) -> 30 | B34: 7 | C34: A344 | D34: =VLOOKUP(C34,Sheet4!$A$1:$B$300,2,0) -> 9216023766 | E34: Lê Trọng Nhơn | F34: =VLOOKUP(D34,'Sheet1 (2)'!$D$11:$F$338,3,0) -> Lê Trọng Nhơn | G34: =VLOOKUP(C34,'chuyển xếp 2024'!$C$5:$W$328,17,0) -> 7105000 | H34: 2205000 | I34: Nam | J34: =IF(I34="nữ",0,1) -> 1 | K34: Kinh | L34: Không | M34: Phụ trách phòng | N34: Phòng TT | O34: 33633 | P34: 42736 | Q34: Không xác định | R34: 05 /HĐ/PBHC/17 | S34: =DATEDIF(P34,TODAY(),"Y") & " NĂM " &DATEDIF(P34,TODAY(),"YM") & " THÁNG " & DATEDIF(P34,TODAY(), "MD") & " NGÀY " -> 9 NĂM 7 THÁNG 18 NGÀY | T34: 087092017349 | U34: =VLOOKUP(C34,Sheet5!$B$2:$G$253,6,0) -> 087092017349 | AI34: Cục cảnh sát QLHC về TTXH | AJ34: Xã Vĩnh Thới, Huyện Lai Vung, Tỉnh Đồng Tháp. | AK34: 1312 ấp Hòa Định, Xã Vĩnh Thới, Huyện Lai Vung, Tỉnh Đồng Tháp. | AL34: 1312 ấp Hòa Định, Xã Vĩnh Thới, Huyện Lai Vung, Tỉnh Đồng Tháp. | AM34: 0981205448 | AN34: Đại học | AO34: Công nghệ hóa học | AP34: Do Trưởng phòng phân công công việc | AQ34: =DATEDIF(O34,TODAY(),"y") -> 34
A35: =IF(C35=0,"",SUBTOTAL(3,C$5:C35)) -> 31 | B35: 8 | C35: A394 | D35: =VLOOKUP(C35,Sheet4!$A$1:$B$300,2,0) -> 9222451383 | E35: Nguyễn Hứa Kim Thảo | F35: =VLOOKUP(D35,'Sheet1 (2)'!$D$11:$F$338,3,0) -> Nguyễn Hứa Kim Thảo | G35: =VLOOKUP(C35,'chuyển xếp 2024'!$C$5:$W$328,21,0) -> 5466000 | H35: =VLOOKUP(C35,'chuyển xếp 2024'!$C$5:$W$328,19,0) -> 0 | I35: Nữ | J35: =IF(I35="nữ",0,1) -> 0 | K35: Kinh | L35: Không | N35: Phòng TT | O35: 35524 | P35: 44805 | Q35: Không xác định | R35: 29/HĐ-PBHC/2022 | S35: =DATEDIF(P35,TODAY(),"Y") & " NĂM " &DATEDIF(P35,TODAY(),"YM") & " THÁNG " & DATEDIF(P35,TODAY(), "MD") & " NGÀY " -> 3 NĂM 11 THÁNG 18 NGÀY | T35: 092197011285 | U35: =VLOOKUP(C35,Sheet5!$B$2:$G$253,6,0) -> 092197011285 | AG35: 44440 | AI35: Cục cảnh sát QLHC về TTXH | AJ35: H. Thới Lai, TP. Cần Thơ | AK35: 66/1 Huỳnh Phan Hộ, P. Trà An, Q. Bình Thủy, TP. Cần Thơ | AL35: 66/1 Huỳnh Phan Hộ, P. Trà An, Q. Bình Thủy, TP. Cần Thơ | AM35: 0907 199 744 | AN35: Cao Đẳng | AO35: Quản trị văn phòng | AP35: Do Trưởng phòng phân công công việc | AQ35: =DATEDIF(O35,TODAY(),"y") -> 29
A36: =IF(C36=0,"",SUBTOTAL(3,C$5:C36)) -> 32 | B36: 9 | C36: A397 | D36: =VLOOKUP(C36,Sheet4!$A$1:$B$300,2,0) -> 9208016265 | E36: Mạch Chí Thiện | F36: =VLOOKUP(D36,'Sheet1 (2)'!$D$11:$F$338,3,0) -> Mạch Chí Thiện | G36: =VLOOKUP(C36,'chuyển xếp 2024'!$C$5:$W$328,21,0) -> #N/A | H36: =VLOOKUP(C36,'chuyển xếp 2024'!$C$5:$W$328,19,0) -> #N/A | I36: Nam | J36: =IF(I36="nữ",0,1) -> 1 | K36: Kinh | L36: Không | N36: Phòng TT | O36: 30482 | P36: 44866 | Q36: Không xác định | R36: 33/HĐ-PBHC/2022 | S36: =DATEDIF(P36,TODAY(),"Y") & " NĂM " &DATEDIF(P36,TODAY(),"YM") & " THÁNG " & DATEDIF(P36,TODAY(), "MD") & " NGÀY " -> 3 NĂM 9 THÁNG 18 NGÀY | T36: 086083000292 | U36: =VLOOKUP(C36,Sheet5!$B$2:$G$253,6,0) -> 086083000292 | AG36: 44326 | AI36: Cục cảnh sát QLHC về TTXH | AJ36: Xã Trung Hiệp, H. Vũng Liêm, T. Vĩnh Long | AK36: KV Tân Quới, P. Tân Hưng, Q.Thốt Nốt, TP. Cần Thơ | AL36: KV Tân Quới, P. Tân Hưng, Q.Thốt Nốt, TP. Cần Thơ | AN36: Đại học | AO36: Công nghệ hóa học | AP36: Do Trưởng phòng phân công công việc | AQ36: =DATEDIF(O36,TODAY(),"y") -> 43
A37: =IF(C37=0,"",SUBTOTAL(3,C$5:C37)) -> 33 | B37: 10 | C37: A403 | D37: =VLOOKUP(C37,Sheet4!$A$1:$B$300,2,0) -> 8922957383 | E37: Ngô Văn Tài | F37: =VLOOKUP(D37,'Sheet1 (2)'!$D$11:$F$338,3,0) -> Ngô Văn Tài | G37: =VLOOKUP(C37,'chuyển xếp 2024'!$C$5:$W$328,21,0) -> 6271000 | H37: =VLOOKUP(C37,'chuyển xếp 2024'!$C$5:$W$328,19,0) -> 0 | I37: Nam | J37: =IF(I37="nữ",0,1) -> 1 | K37: Kinh | L37: Không | N37: Phòng TT | O37: 35231 | P37: 45113 | Q37: Không xác định | R37: 24/HĐ-PBHC/2023 | S37: =DATEDIF(P37,TODAY(),"Y") & " NĂM " &DATEDIF(P37,TODAY(),"YM") & " THÁNG " & DATEDIF(P37,TODAY(), "MD") & " NGÀY " -> 3 NĂM 1 THÁNG 13 NGÀY | T37: 089096013188 | U37: 089096013188 | AG37: 44421 | AI37: Cục cảnh sát QLHC về TTXH | AJ37: Phú mỹ Hạ, Phú Thọ, Phú Tân, An Giang | AK37: Phú mỹ Hạ, Phú Thọ, Phú Tân, An Giang | AL37: Phú mỹ Hạ, Phú Thọ, Phú Tân, An Giang | AN37: Đại học | AP37: Do Trưởng phòng phân công công việc | AQ37: =DATEDIF(O37,TODAY(),"y") -> 30
A38: =IF(C38=0,"",SUBTOTAL(3,C$5:C38)) -> 34 | B38: 12 | C38: A283 | D38: =VLOOKUP(C38,Sheet4!$A$1:$B$300,2,0) -> 9214000894 | E38: Cao Văn Được | F38: =VLOOKUP(D38,'Sheet1 (2)'!$D$11:$F$338,3,0) -> Cao Văn Được | G38: =VLOOKUP(C38,'chuyển xếp 2024'!$C$5:$W$328,21,0) -> 6785000 | H38: =VLOOKUP(C38,'chuyển xếp 2024'!$C$5:$W$328,19,0) -> 0 | I38: Nam | J38: =IF(I38="nữ",0,1) -> 1 | K38: Kinh | L38: Không | N38: Phòng TT | O38: 32488 | P38: 41641 | Q38: Không xác định | R38: 65 /HĐ/PBHC/16 | S38: =DATEDIF(P38,TODAY(),"Y") & " NĂM " &DATEDIF(P38,TODAY(),"YM") & " THÁNG " & DATEDIF(P38,TODAY(), "MD") & " NGÀY " -> 12 NĂM 7 THÁNG 17 NGÀY | T38: 092088000675 | U38: =VLOOKUP(C38,Sheet5!$B$2:$G$253,6,0) -> 092088000675 | AG38: 42299 | AI38: Cục cảnh sát QLHC về TTXH | AJ38: Xã Thạnh Phú, Huyện Vĩnh Thạnh, TP.Cần Thơ. | AK38: KV Thới Mỹ, Phường Thới Long, Quận Ô Môn, Thành phố Cần Thơ. | AL38: 180 Nguyễn Đệ, P. An Thới, Q. Bình Thủy, TP Cần Thơ | AN38: Đại học | AO38: KT Ngoại Thương | AP38: Do Trưởng bộ phận phân công công việc | AQ38: =DATEDIF(O38,TODAY(),"y") -> 37
A39: =IF(C39=0,"",SUBTOTAL(3,C$5:C39)) -> 35 | B39: 13 | C39: A418 | D39: 8913009900 | E39: Lê Thanh Đạm | F39: =VLOOKUP(D39,'Sheet1 (2)'!$D$11:$F$338,3,0) -> Lê Thanh Đạm | G39: 5955000 | I39: Nam | J39: =IF(I39="nữ",0,1) -> 1 | K39: Kinh | L39: Không | N39: Phòng TT | O39: 31692 | P39: 45627 | Q39: 12 tháng | R39: 56//HĐ-PBHC/2024 | S39: =DATEDIF(P39,TODAY(),"Y") & " NĂM " &DATEDIF(P39,TODAY(),"YM") & " THÁNG " & DATEDIF(P39,TODAY(), "MD") & " NGÀY " -> 1 NĂM 8 THÁNG 18 NGÀY | T39: 089086005984 | U39: 089086005984 | AG39: 44205 | AI39: Cục cảnh sát QLHC về TTXH | AJ39: Kiến An- Chợ Mới- An Giang | AK39: Ấp Hòa Hạ-Kiến An- Chợ Mới- An Giang | AL39: Kiến An- Chợ Mới- An Giang | AM39: 0353857516 | AN39: Đại học | AO39: Phát triển nông thôn | AP39: Do Trưởng phòng phân công công việc | AQ39: =DATEDIF(O39,TODAY(),"y") -> 39
A40: =IF(C40=0,"",SUBTOTAL(3,C$5:C40)) -> 36 | B40: 14 | C40: A420 | D40: 9622993923 | E40: Nguyễn Kiều Ly | F40: =VLOOKUP(D40,'Sheet1 (2)'!$D$11:$F$338,3,0) -> Nguyễn Kiều Ly | G40: 6135000 | I40: Nữ | J40: =IF(I40="nữ",0,1) -> 0 | K40: Kinh | L40: Không | N40: Phòng TT | O40: 35107 | P40: 45717 | Q40: 12 tháng | R40: 02/HĐ-PBHC/2025 | S40: =DATEDIF(P40,TODAY(),"Y") & " NĂM " &DATEDIF(P40,TODAY(),"YM") & " THÁNG " & DATEDIF(P40,TODAY(), "MD") & " NGÀY " -> 1 NĂM 5 THÁNG 18 NGÀY | T40: 096196008540 | U40: 096196008540 | AG40: 44853 | AI40: Cục cảnh sát QLHC về TTXH | AJ40: Xã Hoà Tân, Tp Cà Mau, tỉnh Cà Mau | AK40: 79, KV Bình Thuận, Trường Lạc, Ô Môn, Tp Cần Thơ | AL40: 79, KV Bình Thuận, Trường Lạc, Ô Môn, Tp Cần Thơ | AM40: 944194914 | AN40: Đại học | AO40: Quản lý đất đai | AP40: Do Trưởng phòng phân công công việc
A41: =IF(C41=0,"",SUBTOTAL(3,C$5:C41)) -> 37 | B41: 1 | C41: A198 | D41: =VLOOKUP(C41,Sheet4!$A$1:$B$300,2,0) -> 5803003379 | E41: Nguyễn Duy Vũ | F41: =VLOOKUP(D41,'Sheet1 (2)'!$D$11:$F$338,3,0) -> Nguyễn Duy Vũ | G41: =VLOOKUP(C41,'chuyển xếp 2024'!$C$5:$W$328,21,0) -> 19950000 | H41: =VLOOKUP(C41,'chuyển xếp 2024'!$C$5:$W$328,19,0) -> 0 | I41: Nam | J41: =IF(I41="nữ",0,1) -> 1 | K41: Kinh | L41: Không | M41: Kế toán trưởng | N41: Phòng KTTC | O41: 28767 | P41: 39265 | Q41: Không xác định | R41: 42 /HĐ/PBHC/16 | S41: =DATEDIF(P41,TODAY(),"Y") & " NĂM " &DATEDIF(P41,TODAY(),"YM") & " THÁNG " & DATEDIF(P41,TODAY(), "MD") & " NGÀY " -> 19 NĂM 1 THÁNG 17 NGÀY | T41: 082078026532 | U41: =VLOOKUP(C41,Sheet5!$B$2:$G$253,6,0) -> 082078026532 | AI41: Cục cảnh sát QLHC về TTXH | AJ41: Xã Long Hòa, Thị xã Gò Công, Tỉnh Tiền Giang. | AK41: 9113 Ấp Kim Liên, Xã Long Hòa, Thị xã Gò Công, Tỉnh Tiền Giang. | AL41: Đường số 32 KDC Ngân Thuận, P. Bình Thủy, Q. Bình Thủy, TP Cần Thơ | AN41: Đại học | AO41: QTKD | AP41: Do Trưởng phòng phân công công việc | AQ41: =DATEDIF(O41,TODAY(),"y") -> 47
A42: =IF(C42=0,"",SUBTOTAL(3,C$5:C42)) -> 38 | B42: 2 | C42: A235 | D42: =VLOOKUP(C42,Sheet4!$A$1:$B$300,2,0) -> 9210009440 | E42: Phùng Thị Ngọc Thanh | F42: =VLOOKUP(D42,'Sheet1 (2)'!$D$11:$F$338,3,0) -> Phùng Thị Ngọc Thanh | G42: =VLOOKUP(C42,'chuyển xếp 2024'!$C$5:$W$328,17,0) -> 7673000 | H42: =VLOOKUP(C42,'chuyển xếp 2024'!$C$5:$W$328,19,0) -> 1892000 | I42: Nữ | J42: =IF(I42="nữ",0,1) -> 0 | K42: Kinh | L42: Không | M42: Phó phòng | N42: Phòng KTTC | O42: 31943 | P42: 40340 | Q42: Không xác định | R42: 43 /HĐ/PBHC/16 | S42: =DATEDIF(P42,TODAY(),"Y") & " NĂM " &DATEDIF(P42,TODAY(),"YM") & " THÁNG " & DATEDIF(P42,TODAY(), "MD") & " NGÀY " -> 16 NĂM 2 THÁNG 8 NGÀY | T42: 092187005527 | U42: =VLOOKUP(C42,Sheet5!$B$2:$G$253,6,0) -> 092187005527 | AI42: Cục cảnh sát QLHC về TTXH | AJ42: Phường Trà Nóc, Quận Bình Thuỷ, Thành phố Cần Thơ. | AK42: 96B/8 Hẻm 8A, Nguyễn Chí Thanh, Tổ 8, KV1, Phường Trà Nóc, Quận Bình Thủy, TP.Cần Thơ. | AL42: 96B/8 Hẻm 8A, Nguyễn Chí Thanh, Tổ 8, KV1, Phường Trà Nóc, Quận Bình Thủy, TP.Cần Thơ. | AN42: Đại học | AO42: Kế toán tài chính | AP42: Do Trưởng phòng phân công công việc | AQ42: =DATEDIF(O42,TODAY(),"y") -> 39
A43: =IF(C43=0,"",SUBTOTAL(3,C$5:C43)) -> 39 | B43: 3 | C43: A245 | D43: =VLOOKUP(C43,Sheet4!$A$1:$B$300,2,0) -> 9211007268 | E43: Trần Thị Lệ Thúy | F43: =VLOOKUP(D43,'Sheet1 (2)'!$D$11:$F$338,3,0) -> Trần Thị Lệ Thúy | G43: =VLOOKUP(C43,'chuyển xếp 2024'!$C$5:$W$328,17,0) -> 5903000 | H43: =VLOOKUP(C43,'chuyển xếp 2024'!$C$5:$W$328,19,0) -> 473000 | I43: Nữ | J43: =IF(I43="nữ",0,1) -> 0 | K43: Kinh | L43: Không | N43: Phòng KTTC | O43: 32193 | P43: 40634 | Q43: Không xác định | R43: 44 /HĐ/PBHC/16 | S43: =DATEDIF(P43,TODAY(),"Y") & " NĂM " &DATEDIF(P43,TODAY(),"YM") & " THÁNG " & DATEDIF(P43,TODAY(), "MD") & " NGÀY " -> 15 NĂM 4 THÁNG 18 NGÀY | T43: 051188000559 | U43: =VLOOKUP(C43,Sheet5!$B$2:$G$253,6,0) -> 051188000559 | AG43: 43685 | AI43: Cục cảnh sát QLHC về TTXH | AJ43: Xã Phổ Thạnh, Huyện Đức Phổ, Tỉnh Quảng Ngãi. | AK43: 196 đường số 5, KDC Thới Nhựt 2, P. An Khánh, Q. Ninh Kiều, TP Cần Thơ | AL43: 196 đường số 5, KDC Thới Nhựt 2, P. An Khánh, Q. Ninh Kiều, TP Cần Thơ | AN43: Trung cấp | AO43: Kế toán | AP43: Do Trưởng phòng phân công công việc | AQ43: =DATEDIF(O43,TODAY(),"y") -> 38
A44: =IF(C44=0,"",SUBTOTAL(3,C$5:C44)) -> 40 | B44: 4 | C44: A363 | D44: =VLOOKUP(C44,Sheet4!$A$1:$B$300,2,0) -> 9221280985 | E44: Nguyễn Thị Hà Thảo | F44: =VLOOKUP(D44,'Sheet1 (2)'!$D$11:$F$338,3,0) -> Nguyễn Thị Hà Thảo | G44: =VLOOKUP(C44,'chuyển xếp 2024'!$C$5:$W$328,21,0) -> 7105000 | H44: =VLOOKUP(C44,'chuyển xếp 2024'!$C$5:$W$328,19,0) -> 0 | I44: Nữ | J44: =IF(I44="nữ",0,1) -> 0 | K44: Kinh | L44: Không | N44: Phòng KTTC | O44: 33223 | P44: 43313 | Q44: Không xác định | R44: 20.8 /HĐ-PBHC/19 | S44: =DATEDIF(P44,TODAY(),"Y") & " NĂM " &DATEDIF(P44,TODAY(),"YM") & " THÁNG " & DATEDIF(P44,TODAY(), "MD") & " NGÀY " -> 8 NĂM 0 THÁNG 18 NGÀY | T44: 092190008576 | U44: =VLOOKUP(C44,Sheet5!$B$2:$G$253,6,0) -> 092190008576 | AI44: Cục cảnh sát QLHC về TTXH | AJ44: Phường Hưng Lợi, Quận Ninh Kiều, TP.Cần Thơ. | AK44: 68/39, Đường 3-2, Phường Hưng Lợi, Quận Ninh Kiều, TP.Cần Thơ. | AL44: 68/39, Đường 3-2, Phường Hưng Lợi, Quận Ninh Kiều, TP.Cần Thơ. | AN44: Đại học | AO44: Tài chính Ngân hàng | AP44: Do Trưởng phòng phân công công việc | AQ44: =DATEDIF(O44,TODAY(),"y") -> 35
A45: =IF(C45=0,"",SUBTOTAL(3,C$5:C45)) -> 41 | B45: 5 | C45: A379 | D45: =VLOOKUP(C45,Sheet4!$A$1:$B$300,2,0) -> 9221417204 | E45: Tiêu Tú Châu | F45: =VLOOKUP(D45,'Sheet1 (2)'!$D$11:$F$338,3,0) -> Tiêu Tú Châu | G45: =VLOOKUP(C45,'chuyển xếp 2024'!$C$5:$W$328,21,0) -> 7105000 | H45: =VLOOKUP(C45,'chuyển xếp 2024'!$C$5:$W$328,19,0) -> 0 | I45: Nữ | J45: =IF(I45="nữ",0,1) -> 0 | K45: Kinh | L45: Không | N45: Phòng KTTC | O45: 35559 | P45: 44013 | Q45: Không xác định | R45: 13/HĐ/PBHC/20 | S45: =DATEDIF(P45,TODAY(),"Y") & " NĂM " &DATEDIF(P45,TODAY(),"YM") & " THÁNG " & DATEDIF(P45,TODAY(), "MD") & " NGÀY " -> 6 NĂM 1 THÁNG 18 NGÀY | T45: 092197003248 | U45: =VLOOKUP(C45,Sheet5!$B$2:$G$253,6,0) -> 092197003248 | AG45: 44317 | AI45: Cục cảnh sát QLHC về TTXH | AJ45: Phường An Lạc, Quận Ninh Kiều, TP.Cần Thơ. | AK45: 456A KV Thạnh Hòa, P.Phú Thứ, Q. Cái Răng, TP Cần Thơ | AL45: 456A KV Thạnh Hòa, P.Phú Thứ, Q. Cái Răng, TP Cần Thơ | AN45: Đại học | AO45: Kế toán | AP45: Do Trưởng phòng phân công công việc | AQ45: =DATEDIF(O45,TODAY(),"y") -> 29
A46: =IF(C46=0,"",SUBTOTAL(3,C$5:C46)) -> 42 | B46: 6 | C46: A406 | D46: =VLOOKUP(C46,Sheet4!$A$1:$B$300,2,0) -> 8422038337 | E46: Hà Minh Hiền | F46: =VLOOKUP(D46,'Sheet1 (2)'!$D$11:$F$338,3,0) -> Hà Minh Hiền | G46: =VLOOKUP(C46,'chuyển xếp 2024'!$C$5:$W$328,21,0) -> 6579000 | H46: =VLOOKUP(C46,'chuyển xếp 2024'!$C$5:$W$328,19,0) -> 0 | I46: Nam | J46: =IF(I46="nữ",0,1) -> 1 | K46: Kinh | L46: Không | N46: Phòng KTTC | O46: 36290 | P46: 45170 | Q46: Không xác định | R46: 27/HĐ/PBHC/2023 | S46: =DATEDIF(P46,TODAY(),"Y") & " NĂM " &DATEDIF(P46,TODAY(),"YM") & " THÁNG " & DATEDIF(P46,TODAY(), "MD") & " NGÀY " -> 2 NĂM 11 THÁNG 18 NGÀY | T46: 084099000465 | U46: 084099000465 | AG46: 44286 | AI46: Cục cảnh sát QLHC về TTXH | AJ46: TT Long Thành, huyện Duyên Hải, tỉnh Trà Vinh | AK46: Khóm 5,TT Long Thành, huyện Duyên Hải, tỉnh Trà Vinh | AL46: Khóm 5,TT Long Thành, huyện Duyên Hải, tỉnh Trà Vinh | AN46: Đại học | AO46: Kế toán | AP46: Do Trưởng phòng phân công công việc | AQ46: =DATEDIF(O46,TODAY(),"y") -> 27
A47: =IF(C47=0,"",SUBTOTAL(3,C$5:C47)) -> 43 | B47: 7 | C47: A407 | D47: =VLOOKUP(C47,Sheet4!$A$1:$B$300,2,0) -> 9315000203 | E47: Phạm Thị Ngọc Quyên | F47: =VLOOKUP(D47,'Sheet1 (2)'!$D$11:$F$338,3,0) -> Phạm Thị Ngọc Quyên | G47: =VLOOKUP(C47,'chuyển xếp 2024'!$C$5:$W$328,21,0) -> 6579000 | H47: =VLOOKUP(C47,'chuyển xếp 2024'!$C$5:$W$328,19,0) -> 0 | I47: Nữ | J47: =IF(I47="nữ",0,1) -> 0 | K47: Kinh | L47: Không | N47: Phòng KTTC | O47: 33605 | P47: 45170 | Q47: Không xác định | R47: 28/HĐ/PBHC/2023 | S47: =DATEDIF(P47,TODAY(),"Y") & " NĂM " &DATEDIF(P47,TODAY(),"YM") & " THÁNG " & DATEDIF(P47,TODAY(), "MD") & " NGÀY " -> 2 NĂM 11 THÁNG 18 NGÀY | T47: 092192007009 | U47: 092192007009 | AG47: 44421 | AI47: Cục cảnh sát QLHC về TTXH | AJ47: phường Thới Bình, quận Ninh Kiều, Tp Cần Thơ | AK47: 46/8 Lê Anh Xuân, P, Thới Bình, Q Ninh Kiều, Tp Cần Thơ | AL47: 46/8 Lê Anh Xuân, P, Thới Bình, Q Ninh Kiều, Tp Cần Thơ | AN47: Đại học | AO47: Kế toán | AP47: Do Trưởng phòng phân công công việc | AQ47: =DATEDIF(O47,TODAY(),"y") -> 34
A48: =IF(C48=0,"",SUBTOTAL(3,C$5:C48)) -> 44 | B48: 8 | C48: A411 | D48: =VLOOKUP(C48,Sheet4!$A$1:$B$300,2,0) -> 9212006618 | E48: Lê Thị Tố Uyên | F48: =VLOOKUP(D48,'Sheet1 (2)'!$D$11:$F$338,3,0) -> Lê Thị Tố Uyên | G48: =VLOOKUP(C48,'chuyển xếp 2024'!$C$5:$W$328,21,0) -> 6579000 | H48: =VLOOKUP(C48,'chuyển xếp 2024'!$C$5:$W$328,19,0) -> 0 | I48: Nữ | J48: =IF(I48="nữ",0,1) -> 0 | K48: Kinh | L48: Không | N48: Phòng KTTC | O48: 33216 | P48: 45254 | Q48: Không xác định | R48: 60/HĐ/PBHC/2023 | S48: =DATEDIF(P48,TODAY(),"Y") & " NĂM " &DATEDIF(P48,TODAY(),"YM") & " THÁNG " & DATEDIF(P48,TODAY(), "MD") & " NGÀY " -> 2 NĂM 8 THÁNG 26 NGÀY | T48: 089190008954 | U48: 089190008954 | AG48: 44866 | AI48: Cục cảnh sát QLHC về TTXH | AJ48: Giai Xuân -huyện Phong Điền-Tp Cần Thơ | AK48: Tân Bình, Giai Xuân -huyện Phong Điền-Tp Cần Thơ | AN48: Đại học | AO48: Kế toán | AP48: Do Trưởng phòng phân công công việc | AQ48: =DATEDIF(O48,TODAY(),"y") -> 35
A49: =IF(C49=0,"",SUBTOTAL(3,C$5:C49)) -> 45 | B49: 1 | C49: A112 | D49: =VLOOKUP(C49,Sheet4!$A$1:$B$300,2,0) -> 5400002895 | E49: Nguyễn Ngọc Diệp Trang | F49: =VLOOKUP(D49,'Sheet1 (2)'!$D$11:$F$338,3,0) -> Nguyễn Ngọc Diệp Trang | G49: =VLOOKUP(C49,'chuyển xếp 2024'!$C$5:$W$328,17,0) -> 8950000 | H49: =VLOOKUP(C49,'chuyển xếp 2024'!$C$5:$W$328,19,0) -> 2365000 | I49: Nữ | J49: =IF(I49="nữ",0,1) -> 0 | K49: Kinh | L49: Không | M49: Trưởng phòng | N49: Phòng XNK | O49: 26439 | P49: 36418 | Q49: Không xác định | R49: 47 /HĐ/PBHC/16 | S49: =DATEDIF(P49,TODAY(),"Y") & " NĂM " &DATEDIF(P49,TODAY(),"YM") & " THÁNG " & DATEDIF(P49,TODAY(), "MD") & " NGÀY " -> 26 NĂM 11 THÁNG 4 NGÀY | T49: 086172005389 | U49: =VLOOKUP(C49,Sheet5!$B$2:$G$253,6,0) -> 086172005389 | AI49: Cục cảnh sát QLHC về TTXH | AJ49: Phường Xuân Khánh, Quận Ninh Kiều, Thành phố Cần Thơ. | AK49: 385/14B, KV2, Phường An Khánh, Quận Ninh Kiều, TP.Cần Thơ. | AL49: 385/14B, KV2, Phường An Khánh, Quận Ninh Kiều, TP.Cần Thơ. | AN49: Đại học | AO49: Sư phạm Anh văn | AP49: Theo chức năng nhiệm vụ được TGĐ giao | AQ49: =DATEDIF(O49,TODAY(),"y") -> 54
A50: =IF(C50=0,"",SUBTOTAL(3,C$5:C50)) -> 46 | B50: 2 | C50: A395 | D50: =VLOOKUP(C50,Sheet4!$A$1:$B$300,2,0) -> 9222599442 | E50: Ngô Thanh Vy | F50: =VLOOKUP(D50,'Sheet1 (2)'!$D$11:$F$338,3,0) -> Ngô Thanh Vy | G50: =VLOOKUP(C50,'chuyển xếp 2024'!$C$5:$W$328,21,0) -> 6579000 | H50: =VLOOKUP(C50,'chuyển xếp 2024'!$C$5:$W$328,19,0) -> 0 | I50: Nữ | J50: =IF(I50="nữ",0,1) -> 0 | K50: Kinh | L50: Không | N50: Phòng XNK | O50: 36882 | P50: 44805 | Q50: Không xác định | R50: 30/HĐ-PBHC/2022 | S50: =DATEDIF(P50,TODAY(),"Y") & " NĂM " &DATEDIF(P50,TODAY(),"YM") & " THÁNG " & DATEDIF(P50,TODAY(), "MD") & " NGÀY " -> 3 NĂM 11 THÁNG 18 NGÀY | T50: 092300000192 | U50: =VLOOKUP(C50,Sheet5!$B$2:$G$253,6,0) -> 092300000192 | AG50: 44306 | AI50: Cục cảnh sát QLHC về TTXH | AJ50: Phường An Khánh, Quận Ninh Kiều ,TP Cần Thơ | AK50: 385K Trần Nam Phú, KV2, P. An Khánh, Q. Ninh Kiều, TP. Cần Thơ | AL50: 385K Trần Nam Phú, KV2, P. An Khánh, Q. Ninh Kiều, TP. Cần Thơ | AM50: 0898 843 200 | AN50: Đại học | AO50: Kinh tế tài nguyên thiên nhiên | AP50: Do Trưởng phòng phân công công việc | AQ50: =DATEDIF(O50,TODAY(),"y") -> 25
A51: =IF(C51=0,"",SUBTOTAL(3,C$5:C51)) -> 47 | B51: 1 | C51: A154 | D51: =VLOOKUP(C51,Sheet4!$A$1:$B$300,2,0) -> 6504006864 | E51: Phan Thị Minh Diễn | F51: =VLOOKUP(D51,'Sheet1 (2)'!$D$11:$F$338,3,0) -> Phan Thị Minh Diễn | G51: =VLOOKUP(C51,'chuyển xếp 2024'!$C$5:$W$328,17,0) -> 8950000 | H51: =VLOOKUP(C51,'chuyển xếp 2024'!$C$5:$W$328,19,0) -> 2365000 | I51: Nữ | J51: =IF(I51="nữ",0,1) -> 0 | K51: Kinh | L51: Không | M51: Trưởng phòng | N51: Phòng TCHC | O51: 29531 | P51: 38078 | Q51: Không xác định | R51: 41 /HĐ/PBHC/16 | S51: =DATEDIF(P51,TODAY(),"Y") & " NĂM " &DATEDIF(P51,TODAY(),"YM") & " THÁNG " & DATEDIF(P51,TODAY(), "MD") & " NGÀY " -> 22 NĂM 4 THÁNG 18 NGÀY | T51: 045180000015 | U51: =VLOOKUP(C51,Sheet5!$B$2:$G$253,6,0) -> 045180000015 | AG51: 44699 | AI51: Cục cảnh sát QLHC về TTXH | AJ51: Xã Triệu Trạch, Huyện Triệu Phong, Tỉnh Quảng Trị. | AK51: 30D/4 KV1, Lê Hồng Phong, Phường Trà Nóc, Quận Bình Thuỷ, Thành phố Cần Thơ. | AL51: 30D/4 KV1, Lê Hồng Phong, Phường Trà Nóc, Quận Bình Thuỷ, Thành phố Cần Thơ. | AN51: Đại học | AO51: Tài chính tín dụng | AP51: Do Trưởng phòng phân công công việc | AQ51: =DATEDIF(O51,TODAY(),"y") -> 45
A52: =IF(C52=0,"",SUBTOTAL(3,C$5:C52)) -> 48 | B52: 2 | C52: A250 | D52: =VLOOKUP(C52,Sheet4!$A$1:$B$300,2,0) -> 5303001410 | E52: Bùi Hữu Thọ | F52: =VLOOKUP(D52,'Sheet1 (2)'!$D$11:$F$338,3,0) -> Bùi Hữu Thọ | G52: =VLOOKUP(C52,'chuyển xếp 2024'!$C$5:$W$328,17,0) -> 8950000 | H52: =VLOOKUP(C52,'chuyển xếp 2024'!$C$5:$W$328,19,0) -> 2365000 | I52: Nam | J52: =IF(I52="nữ",0,1) -> 1 | K52: Kinh | L52: Không | M52: Phó phòng | N52: Phòng TCHC | O52: 26764 | P52: 40781 | Q52: Không xác định | R52: 52 /HĐ/PBHC/16 | S52: =DATEDIF(P52,TODAY(),"Y") & " NĂM " &DATEDIF(P52,TODAY(),"YM") & " THÁNG " & DATEDIF(P52,TODAY(), "MD") & " NGÀY " -> 14 NĂM 11 THÁNG 24 NGÀY | T52: 092073001086 | U52: =VLOOKUP(C52,Sheet5!$B$2:$G$253,6,0) -> 092073008774 | AI52: Cục cảnh sát QLHC về TTXH | AJ52: Xã Vĩnh Xuân, Huyện Trà Ôn, Tỉnh Vĩnh Long. | AK52: Khu vực 11, phường Châu Văn Liêm, Quận Ô Môn, TP.Cần Thơ. | AN52: Đại học | AO52: QTKD | AP52: Do Trưởng phòng phân công công việc | AQ52: =DATEDIF(O52,TODAY(),"y") -> 53
A53: =IF(C53=0,"",SUBTOTAL(3,C$5:C53)) -> 49 | B53: 3 | C53: A381 | D53: =VLOOKUP(C53,Sheet4!$A$1:$B$300,2,0) -> 9313001993 | E53: Nguyễn Thị Phương Lan | F53: =VLOOKUP(D53,'Sheet1 (2)'!$D$11:$F$338,3,0) -> Nguyễn Thị Phương Lan | G53: =VLOOKUP(C53,'chuyển xếp 2024'!$C$5:$W$328,21,0) -> 7105000 | H53: =VLOOKUP(C53,'chuyển xếp 2024'!$C$5:$W$328,19,0) -> 0 | I53: Nữ | J53: =IF(I53="nữ",0,1) -> 0 | K53: Kinh | L53: Không | N53: Phòng TCHC | O53: 32979 | P53: 44287 | Q53: Không xác định | R53: 13/HĐ/-PBHC/2021 | S53: =DATEDIF(P53,TODAY(),"Y") & " NĂM " &DATEDIF(P53,TODAY(),"YM") & " THÁNG " & DATEDIF(P53,TODAY(), "MD") & " NGÀY " -> 5 NĂM 4 THÁNG 18 NGÀY | T53: 092190007202 | U53: =VLOOKUP(C53,Sheet5!$B$2:$G$253,6,0) -> 092190007202 | AG53: 44421 | AI53: Cục cảnh sát QLHC về TTXH | AJ53: Phường Cái Khế, Quận Ninh Kiều, TP.Cần Thơ. | AK53: 95 đường số 4, Khu TĐC Thới Nhựt 2, KV1, P. An Khánh, Q. Ninh Kiều, TPCT | AN53: Đại học | AO53: KT Ngoại Thương | AP53: Do Trưởng phòng phân công công việc | AQ53: =DATEDIF(O53,TODAY(),"y") -> 36
A54: =IF(C54=0,"",SUBTOTAL(3,C$5:C54)) -> 50 | B54: 4 | C54: A409 | D54: =VLOOKUP(C54,Sheet4!$A$1:$B$300,2,0) -> 9520882642 | E54: Mã Thị Mỹ Huyền | F54: =VLOOKUP(D54,'Sheet1 (2)'!$D$11:$F$338,3,0) -> Mã Thị Mỹ Huyền | G54: =VLOOKUP(C54,'chuyển xếp 2024'!$C$5:$W$328,21,0) -> 6579000 | H54: =VLOOKUP(C54,'chuyển xếp 2024'!$C$5:$W$328,19,0) -> 0 | I54: Nữ | J54: =IF(I54="nữ",0,1) -> 0 | K54: Kinh | L54: Không | N54: Phòng TCHC | O54: 36755 | P54: 45231 | Q54: Không xác định | R54: 58/HĐ/PBHC/2023 | S54: =DATEDIF(P54,TODAY(),"Y") & " NĂM " &DATEDIF(P54,TODAY(),"YM") & " THÁNG " & DATEDIF(P54,TODAY(), "MD") & " NGÀY " -> 2 NĂM 9 THÁNG 18 NGÀY | T54: 095300000727 | U54: 095300000727 | AN54: Đại học | AQ54: =DATEDIF(O54,TODAY(),"y") -> 26
A55: =IF(C55=0,"",SUBTOTAL(3,C$5:C55)) -> 51 | B55: 5 | C55: A389 | D55: =VLOOKUP(C55,Sheet4!$A$1:$B$300,2,0) -> 6505000284 | E55: Ngô Thành Đang | F55: =VLOOKUP(D55,'Sheet1 (2)'!$D$11:$F$338,3,0) -> Ngô Thành Đang | G55: =VLOOKUP(C55,'chuyển xếp 2024'!$C$5:$W$328,21,0) -> 5466000 | H55: =VLOOKUP(C55,'chuyển xếp 2024'!$C$5:$W$328,19,0) -> 0 | I55: Nam | J55: =IF(I55="nữ",0,1) -> 1 | K55: Kinh | L55: Không | N55: Chăm sóc cây | O55: 28559 | P55: 44562 | Q55: Không xác định | R55: 01/HĐ-PBHC/2022 | S55: =DATEDIF(P55,TODAY(),"Y") & " NĂM " &DATEDIF(P55,TODAY(),"YM") & " THÁNG " & DATEDIF(P55,TODAY(), "MD") & " NGÀY " -> 4 NĂM 7 THÁNG 18 NGÀY | T55: 030078000895 | U55: =VLOOKUP(C55,Sheet5!$B$2:$G$253,6,0) -> 030078000895 | AG55: 44269 | AI55: Cục cảnh sát QLHC về TTXH | AK55: 153A Lê Hồng Phong, P. Trà An, Q. Bình Thủy, TP. Cần Thơ | AM55: 0939 595 237 | AN55: Đại học | AO55: Bác sĩ Thú y | AP55: Chăm sóc cây cảnh, cắt cỏ khuôn viên công ty, | AQ55: =DATEDIF(O55,TODAY(),"y") -> 48
A56: =IF(C56=0,"",SUBTOTAL(3,C$5:C56)) -> 52 | B56: 1 | C56: C183 | D56: =VLOOKUP(C56,Sheet4!$A$1:$B$300,2,0) -> 5499003407 | E56: Lê Thị Thu Hồng | F56: =VLOOKUP(D56,'Sheet1 (2)'!$D$11:$F$338,3,0) -> Lê Thị Thu Hồng | G56: =VLOOKUP(C56,'chuyển xếp 2024'!$C$5:$W$328,17,0) -> 7780000 | H56: =VLOOKUP(C56,'chuyển xếp 2024'!$C$5:$W$328,19,0) -> 1419000 | I56: Nữ | J56: =IF(I56="nữ",0,1) -> 0 | K56: Kinh | L56: Không | M56: Chủ nhiệm Kho | N56: Bộ phận kho | O56: 27748 | P56: 35948 | Q56: Không xác định | R56: 63 /HĐ/PBHC/16 | S56: =DATEDIF(P56,TODAY(),"Y") & " NĂM " &DATEDIF(P56,TODAY(),"YM") & " THÁNG " & DATEDIF(P56,TODAY(), "MD") & " NGÀY " -> 28 NĂM 2 THÁNG 17 NGÀY | T56: 054175000014 | U56: =VLOOKUP(C56,Sheet5!$B$2:$G$253,6,0) -> 054175000014 | AG56: 42690 | AI56: Cục cảnh sát QLHC về TTXH | AJ56: Xã An Thạch, Huyện Tuy An, Tỉnh Phú Yên. | AK56: 68/1/11 Trần Phú, Phường Cái Khế, Quận Ninh Kiều, TP.Cần Thơ. | AL56: B42 Nguyễn Thông, P. An Thới, Q. Bình Thủy, TP Cần Thơ | AN56: Sơ cấp | AP56: Theo chức năng nhiệm vụ được TGĐ giao | AQ56: =DATEDIF(O56,TODAY(),"y") -> 50
A57: =IF(C57=0,"",SUBTOTAL(3,C$5:C57)) -> 53 | B57: 2 | C57: B112 | D57: =VLOOKUP(C57,Sheet4!$A$1:$B$300,2,0) -> 6505002767 | E57: Lê Thị Thanh Thúy | F57: =VLOOKUP(D57,'Sheet1 (2)'!$D$11:$F$338,3,0) -> Lê Thị Thanh Thúy | G57: =VLOOKUP(C57,'chuyển xếp 2024'!$C$5:$W$328,21,0) -> #N/A | H57: =VLOOKUP(C57,'chuyển xếp 2024'!$C$5:$W$328,19,0) -> #N/A | I57: Nữ | J57: =IF(I57="nữ",0,1) -> 0 | K57: Kinh | L57: Không | N57: Bộ phận kho | O57: 26944 | P57: 38169 | Q57: Không xác định | R57: 59 /HĐ/PBHC/16 | S57: =DATEDIF(P57,TODAY(),"Y") & " NĂM " &DATEDIF(P57,TODAY(),"YM") & " THÁNG " & DATEDIF(P57,TODAY(), "MD") & " NGÀY " -> 22 NĂM 1 THÁNG 18 NGÀY | T57: 093173012731 | U57: =VLOOKUP(C57,Sheet5!$B$2:$G$253,6,0) -> 093173012731 | AI57: Cục cảnh sát QLHC về TTXH | AJ57: Xã Vĩnh Viễn, Huyện Long Mỹ, Tỉnh Hậu Giang. | AK57: KV Bình An, P. Long Hòa, Q. Bình Thủy, TP Cần Thơ | AL57: KV Bình An, P. Long Hòa, Q. Bình Thủy, TP Cần Thơ | AN57: Sơ cấp | AP57: Do Trưởng bộ phận phân công công việc | AQ57: =DATEDIF(O57,TODAY(),"y") -> 52
A58: =IF(C58=0,"",SUBTOTAL(3,C$5:C58)) -> 54 | B58: 3 | C58: C173 | D58: =VLOOKUP(C58,Sheet4!$A$1:$B$300,2,0) -> 5496032602 | E58: Hồ Xuân Việt | F58: =VLOOKUP(D58,'Sheet1 (2)'!$D$11:$F$338,3,0) -> Hồ Xuân Việt | G58: =VLOOKUP(C58,'chuyển xếp 2024'!$C$5:$W$328,21,0) -> 7780000 | H58: =VLOOKUP(C58,'chuyển xếp 2024'!$C$5:$W$328,19,0) -> 0 | I58: Nam | J58: =IF(I58="nữ",0,1) -> 1 | K58: Kinh | L58: Không | N58: Bộ phận kho | O58: 26308 | P58: 34403 | Q58: Không xác định | R58: 62 /HĐ/PBHC/16 | S58: =DATEDIF(P58,TODAY(),"Y") & " NĂM " &DATEDIF(P58,TODAY(),"YM") & " THÁNG " & DATEDIF(P58,TODAY(), "MD") & " NGÀY " -> 32 NĂM 5 THÁNG 9 NGÀY | T58: 052072013074 | U58: =VLOOKUP(C58,Sheet5!$B$2:$G$253,6,0) -> 052072013074 | AG58: 41949 | AI58: Cục cảnh sát QLHC về TTXH | AJ58: Phường Cái Khế, Quận Ninh Kiều, TP.Cần Thơ. | AK58: 68/1/11 Trần Phú, Phường Cái Khế, Quận Ninh Kiều, TP.Cần Thơ. | AL58: B42 Nguyễn Thông, P. An Thới, Q. Bình Thủy, TP Cần Thơ | AN58: Sơ cấp | AP58: Do Trưởng bộ phận phân công công việc | AQ58: =DATEDIF(O58,TODAY(),"y") -> 54
A59: =IF(C59=0,"",SUBTOTAL(3,C$5:C59)) -> 55 | B59: 4 | C59: D075 | D59: =VLOOKUP(C59,Sheet4!$A$1:$B$300,2,0) -> 9208026155 | E59: Trần Lương Nhân | F59: =VLOOKUP(D59,'Sheet1 (2)'!$D$11:$F$338,3,0) -> Trần Lương Nhân | G59: =VLOOKUP(C59,'chuyển xếp 2024'!$C$5:$W$328,21,0) -> 7073000 | H59: =VLOOKUP(C59,'chuyển xếp 2024'!$C$5:$W$328,19,0) -> 946000 | I59: Nam | J59: =IF(I59="nữ",0,1) -> 1 | K59: Kinh | L59: Không | N59: Bộ phận kho | O59: 29383 | P59: 39742 | Q59: Không xác định | R59: 64 /HĐ/PBHC/16 | S59: =DATEDIF(P59,TODAY(),"Y") & " NĂM " &DATEDIF(P59,TODAY(),"YM") & " THÁNG " & DATEDIF(P59,TODAY(), "MD") & " NGÀY " -> 17 NĂM 9 THÁNG 29 NGÀY | T59: 083080000109 | U59: =VLOOKUP(C59,Sheet5!$B$2:$G$253,6,0) -> 083080000109 | AG59: 42691 | AI59: Cục cảnh sát QLHC về TTXH | AJ59: Xã Sơn Đông, TP.Bến Tre, Tỉnh Bến Tre. | AK59: 135/4 khu vực 1, Phường An Bình, Quận Ninh Kiều, TP.Cần Thơ. | AL59: 135/4 khu vực 1, Phường An Bình, Quận Ninh Kiều, TP.Cần Thơ. | AN59: Sơ cấp | AP59: Do Trưởng bộ phận phân công công việc | AQ59: =DATEDIF(O59,TODAY(),"y") -> 46
A60: =IF(C60=0,"",SUBTOTAL(3,C$5:C60)) -> 56 | B60: 5 | C60: A081 | D60: =VLOOKUP(C60,Sheet4!$A$1:$B$300,2,0) -> 5496032620 | E60: Nguyễn Tất Thắng | F60: =VLOOKUP(D60,'Sheet1 (2)'!$D$11:$F$338,3,0) -> Nguyễn Tất Thắng | G60: =VLOOKUP(C60,'chuyển xếp 2024'!$C$5:$W$328,21,0) -> 7780000 | H60: =VLOOKUP(C60,'chuyển xếp 2024'!$C$5:$W$328,19,0) -> 0 | I60: Nam | J60: =IF(I60="nữ",0,1) -> 1 | K60: Kinh | L60: Không | N60: Bộ phận kho | O60: 25112 | P60: 33055 | Q60: Không xác định | R60: 66 /HĐ/PBHC/16 | S60: =DATEDIF(P60,TODAY(),"Y") & " NĂM " &DATEDIF(P60,TODAY(),"YM") & " THÁNG " & DATEDIF(P60,TODAY(), "MD") & " NGÀY " -> 36 NĂM 1 THÁNG 18 NGÀY | T60: 025068011796 | U60: =VLOOKUP(C60,Sheet5!$B$2:$G$253,6,0) -> 025068011796 | AI60: Cục cảnh sát QLHC về TTXH | AJ60: Xã Xuân Lũng, Huyện Lâm Thao, Tỉnh Phú Thọ. | AK60: 74 Nguyễn Chí Thanh, KV2, P. Trà Nóc, Q. Bình Thủy, TP Cần Thơ | AL60: 74 Nguyễn Chí Thanh, KV2, P. Trà Nóc, Q. Bình Thủy, TP Cần Thơ | AN60: Sơ cấp | AP60: Do Trưởng bộ phận phân công công việc | AQ60: =DATEDIF(O60,TODAY(),"y") -> 57
A61: =IF(C61=0,"",SUBTOTAL(3,C$5:C61)) -> 57 | B61: 6 | C61: A173 | D61: =VLOOKUP(C61,Sheet4!$A$1:$B$300,2,0) -> 6506006784 | E61: Nguyễn Thị Thanh Tâm | F61: =VLOOKUP(D61,'Sheet1 (2)'!$D$11:$F$338,3,0) -> Nguyễn Thị Thanh Tâm | G61: =VLOOKUP(C61,'chuyển xếp 2024'!$C$5:$W$328,21,0) -> 8287000 | H61: =VLOOKUP(C61,'chuyển xếp 2024'!$C$5:$W$328,19,0) -> 0 | I61: Nữ | J61: =IF(I61="nữ",0,1) -> 0 | K61: Kinh | L61: Không | N61: Phòng CN-KCS | O61: 29613 | P61: 38657 | Q61: Không xác định | R61: 79 /HĐ/PBHC/16 | S61: =DATEDIF(P61,TODAY(),"Y") & " NĂM " &DATEDIF(P61,TODAY(),"YM") & " THÁNG " & DATEDIF(P61,TODAY(), "MD") & " NGÀY " -> 20 NĂM 9 THÁNG 18 NGÀY | T61: 042181000294 | U61: =VLOOKUP(C61,Sheet5!$B$2:$G$253,6,0) -> 042181000294 | AG61: 42843 | AI61: Cục cảnh sát QLHC về TTXH | AJ61: Xã Kỳ Văn, Huyện Kỳ Anh, Tỉnh Hà Tĩnh. | AK61: 24 Phạm Hữu Lầu, Phường An Thới, Quận Bình Thuỷ, Thành phố Cần Thơ. | AL61: 27/15 Lê Hồng Phong, P. Trà Nóc, Q. Bình Thủy, TP Cần Thơ | AM61: 0907447417 | AN61: Đại học | AO61: Công nghệ hóa học | AP61: Do Trưởng phòng phân công công việc | AQ61: =DATEDIF(O61,TODAY(),"y") -> 45
A62: =IF(C62=0,"",SUBTOTAL(3,C$5:C62)) -> 58 | B62: 7 | C62: B107 | D62: =VLOOKUP(C62,Sheet4!$A$1:$B$300,2,0) -> 5404002323 | E62: Trần Thị Thiên Giang | F62: =VLOOKUP(D62,'Sheet1 (2)'!$D$11:$F$338,3,0) -> Trần Thị Thiên Giang | G62: =VLOOKUP(C62,'chuyển xếp 2024'!$C$5:$W$328,21,0) -> 7929000 | H62: =VLOOKUP(C62,'chuyển xếp 2024'!$C$5:$W$328,19,0) -> 0 | I62: Nữ | J62: =IF(I62="nữ",0,1) -> 0 | K62: Kinh | L62: Không | N62: Phòng CN-KCS | O62: 30126 | P62: 37803 | Q62: Không xác định | R62: 81 /HĐ/PBHC/16 | S62: =DATEDIF(P62,TODAY(),"Y") & " NĂM " &DATEDIF(P62,TODAY(),"YM") & " THÁNG " & DATEDIF(P62,TODAY(), "MD") & " NGÀY " -> 23 NĂM 1 THÁNG 18 NGÀY | T62: 089182013259 | U62: =VLOOKUP(C62,Sheet5!$B$2:$G$253,6,0) -> 089182013259 | AI62: Cục cảnh sát QLHC về TTXH | AJ62: Phường Bình Đức, TP.Long Xuyên, Tỉnh An Giang. | AK62: D6 tổ 8, KV4, Phường Trà Nóc, Quận Bình Thuỷ, Thành phố Cần Thơ. | AL62: D6 tổ 8, KV4, Phường Trà Nóc, Quận Bình Thuỷ, Thành phố Cần Thơ. | AM62: 0365451155 | AN62: Sơ cấp | AP62: Do Trưởng phòng phân công công việc | AQ62: =DATEDIF(O62,TODAY(),"y") -> 44
A63: =IF(C63=0,"",SUBTOTAL(3,C$5:C63)) -> 59 | B63: 8 | C63: A421 | D63: 9221465790 | E63: Nguyễn Việt Đức | F63: =VLOOKUP(D63,'Sheet1 (2)'!$D$11:$F$338,3,0) -> Nguyễn Việt Đức | G63: 4719000 | I63: Nam | J63: =IF(I63="nữ",0,1) -> 1 | K63: Kinh | L63: Không | N63: Bộ phận kho | O63: 34869 | P63: 45717 | Q63: 12 tháng | R63: 03/HĐ-PBHC/2025 | S63: =DATEDIF(P63,TODAY(),"Y") & " NĂM " &DATEDIF(P63,TODAY(),"YM") & " THÁNG " & DATEDIF(P63,TODAY(), "MD") & " NGÀY " -> 1 NĂM 5 THÁNG 18 NGÀY | T63: 092095006638 | U63: 092095006638 | AG63: 44460 | AI63: Cục cảnh sát QLHC về TTXH | AJ63: Trà Nóc, Bình Thuỷ, Tp Cần Thơ | AK63: D15/8, KV4,Trà Nóc, Bình Thuỷ, Tp Cần Thơ | AL63: D15/8, KV4,Trà Nóc, Bình Thuỷ, Tp Cần Thơ | AM63: 0782899889 | AN63: Đại học | AO63: Cử nhân Kế toán | AP63: Do Trưởng bộ phận phân công công việc | AQ63: =DATEDIF(O63,TODAY(),"y") -> 31
A64: =IF(C64=0,"",SUBTOTAL(3,C$5:C64)) -> 60 | B64: 9 | C64: A427 | D64: 9221705195 | E64: Tô Đông Khoa | F64: =VLOOKUP(D64,'Sheet1 (2)'!$D$11:$F$338,3,0) -> Tô Đông Khoa | G64: 4719000 | I64: Nam | J64: =IF(I64="nữ",0,1) -> 1 | K64: Kinh | L64: Không | N64: Bộ phận kho | O64: 36759 | P64: 45809 | Q64: 12 tháng | R64: 48/HĐ-PBHC/2025 | S64: =DATEDIF(P64,TODAY(),"Y") & " NĂM " &DATEDIF(P64,TODAY(),"YM") & " THÁNG " & DATEDIF(P64,TODAY(), "MD") & " NGÀY " -> 1 NĂM 2 THÁNG 18 NGÀY | T64: 092200006884 | U64: 092200006884 | AG64: 44422 | AI64: Cục cảnh sát QLHC về TTXH | AJ64: Phường Bùi Hữu Nghĩa, Bình Thuỷ, Tp Cần Thơ | AK64: 132 CMT8, Bùi Hữu Nghĩa, Bình Thuỷ, Tp Cần Thơ | AL64: 133 CMT8, Bùi Hữu Nghĩa, Bình Thuỷ, Tp Cần Thơ | AN64: Đại học | AO64: Sinh học ứng dụng | AP64: Do Trưởng bộ phận phân công công việc | AQ64: =DATEDIF(O64,TODAY(),"y") -> 25
A65: =IF(C65=0,"",SUBTOTAL(3,C$5:C65)) -> 61 | B65: 1 | C65: D020 | D65: =VLOOKUP(C65,Sheet4!$A$1:$B$300,2,0) -> 5499003400 | E65: Lê Bá Toàn | F65: =VLOOKUP(D65,'Sheet1 (2)'!$D$11:$F$338,3,0) -> Lê Bá Toàn | G65: =VLOOKUP(C65,'chuyển xếp 2024'!$C$5:$W$328,17,0) -> 7673000 | H65: =VLOOKUP(C65,'chuyển xếp 2024'!$C$5:$W$328,19,0) -> 2365000 | I65: Nam | J65: =IF(I65="nữ",0,1) -> 1 | K65: Kinh | L65: Không | M65: Phó phòng | N65: Phòng Kỹ thuật | O65: 27881 | P65: 35744 | Q65: Không xác định | R65: 101 /HĐ/PBHC/16 | S65: =DATEDIF(P65,TODAY(),"Y") & " NĂM " &DATEDIF(P65,TODAY(),"YM") & " THÁNG " & DATEDIF(P65,TODAY(), "MD") & " NGÀY " -> 28 NĂM 9 THÁNG 9 NGÀY | T65: 362544259 | U65: =VLOOKUP(C65,Sheet5!$B$2:$G$253,6,0) -> 045076010149 | AG65: 42070 | AI65: Cục cảnh sát QLHC về TTXH | AJ65: Xã Triệu Phước, Huyện Triệu Phong, Tỉnh Quảng Trị. | AK65: B11 đường Nguyễn Thông, P. An Thới, Quận Bình Thuỷ, Thành phố Cần Thơ. | AL65: B11 đường Nguyễn Thông, P. An Thới, Quận Bình Thuỷ, Thành phố Cần Thơ. | AN65: Đại học | AO65: Kế toán | AP65: Theo chức năng nhiệm vụ được TGĐ giao | AQ65: =DATEDIF(O65,TODAY(),"y") -> 50
A66: =IF(C66=0,"",SUBTOTAL(3,C$5:C66)) -> 62 | B66: 2 | C66: A398 | D66: =VLOOKUP(C66,Sheet4!$A$1:$B$300,2,0) -> 9521124449 | E66: Nguyễn Tùng Lỉnh | F66: =VLOOKUP(D66,'Sheet1 (2)'!$D$11:$F$338,3,0) -> Nguyễn Tùng Lỉnh | G66: =VLOOKUP(C66,'chuyển xếp 2024'!$C$5:$W$328,21,0) -> 6579000 | H66: =VLOOKUP(C66,'chuyển xếp 2024'!$C$5:$W$328,19,0) -> 0 | I66: Nam | J66: =IF(I66="nữ",0,1) -> 1 | K66: Kinh | L66: Không | N66: Phòng Kỹ thuật | O66: 36231 | P66: 44927 | Q66: Không xác định | R66: 01/HĐLĐ-PBHC/2023 | S66: =DATEDIF(P66,TODAY(),"Y") & " NĂM " &DATEDIF(P66,TODAY(),"YM") & " THÁNG " & DATEDIF(P66,TODAY(), "MD") & " NGÀY " -> 3 NĂM 7 THÁNG 18 NGÀY | T66: 385774419 | U66: =VLOOKUP(C66,Sheet5!$B$2:$G$253,6,0) -> 095099006186 | AG66: 42105 | AI66: Cục cảnh sát QLHC về TTXH | AJ66: TT Phước Long, Huyện Phước Long, Tỉnh Bạc Liêu | AK66: Ấp Long Thành, TT Phước Long, Huyện Phước Long, Tỉnh Bạc Liêu | AL66: Hẻm 51, đường 3/2, P. Xuân Khánh, Q. Ninh Kiều, TP. Cần Thơ | AM66: 0914 634 548 | AN66: Đại học | AO66: Kỹ sư cơ khí | AP66: Do trưởng phòng Kỹ thuật phân công công việc | AQ66: =DATEDIF(O66,TODAY(),"y") -> 27
A67: =IF(C67=0,"",SUBTOTAL(3,C$5:C67)) -> 63 | B67: 3 | C67: A399 | D67: =VLOOKUP(C67,Sheet4!$A$1:$B$300,2,0) -> 8014003136 | E67: Lê Ngọc Đẹp | F67: =VLOOKUP(D67,'Sheet1 (2)'!$D$11:$F$338,3,0) -> Lê Ngọc Đẹp | G67: =VLOOKUP(C67,'chuyển xếp 2024'!$C$5:$W$328,21,0) -> 6579000 | H67: =VLOOKUP(C67,'chuyển xếp 2024'!$C$5:$W$328,19,0) -> 0 | I67: Nam | J67: =IF(I67="nữ",0,1) -> 1 | K67: Kinh | L67: Không | N67: Phòng Kỹ thuật | O67: 30021 | P67: 44977 | Q67: Không xác định | R67: 14/HĐLĐ-PBHC/2023 | S67: =DATEDIF(P67,TODAY(),"Y") & " NĂM " &DATEDIF(P67,TODAY(),"YM") & " THÁNG " & DATEDIF(P67,TODAY(), "MD") & " NGÀY " -> 3 NĂM 5 THÁNG 30 NGÀY | T67: 084082000086 | U67: =VLOOKUP(C67,Sheet5!$B$2:$G$253,6,0) -> 084082000086 | AG67: 44705 | AI67: Cục cảnh sát QLHC về TTXH | AJ67: X. Tân An, H. Càng Long, T. Trà Vinh | AK67: 146/61 Hoàng Quốc Việt, P. An Bình, Q. Ninh Kiều, TP. Cần Thơ | AN67: Đại học | AP67: Do trưởng phòng Kỹ thuật phân công công việc | AQ67: =DATEDIF(O67,TODAY(),"y") -> 44
A68: =IF(C68=0,"",SUBTOTAL(3,C$5:C68)) -> 64 | B68: 4 | C68: A401 | D68: =VLOOKUP(C68,Sheet4!$A$1:$B$300,2,0) -> 8723454959 | E68: Trịnh Chí Nhân | F68: =VLOOKUP(D68,'Sheet1 (2)'!$D$11:$F$338,3,0) -> Trịnh Chí Nhân | G68: =VLOOKUP(C68,'chuyển xếp 2024'!$C$5:$W$328,21,0) -> 6579000 | H68: =VLOOKUP(C68,'chuyển xếp 2024'!$C$5:$W$328,19,0) -> 0 | I68: Nam | J68: =IF(I68="nữ",0,1) -> 1 | K68: Kinh | L68: Không | N68: Phòng Kỹ thuật | O68: 36802 | P68: 45017 | Q68: Không xác định | R68: 22/HĐLĐ-PBHC/2023 | S68: =DATEDIF(P68,TODAY(),"Y") & " NĂM " &DATEDIF(P68,TODAY(),"YM") & " THÁNG " & DATEDIF(P68,TODAY(), "MD") & " NGÀY " -> 3 NĂM 4 THÁNG 18 NGÀY | T68: 087200003497 | U68: =VLOOKUP(C68,Sheet5!$B$2:$G$253,6,0) -> 087200003497 | AG68: 44420 | AI68: Cục cảnh sát QLHC về TTXH | AJ68: Xã Long Hậu, Huyện Lai Vung, Tỉnh Đồng Tháp. | AK68: 250/5 Ấp Long Hòa, X, Long Hậu, H. Lai Vung, T. Đổng Tháp | AM68: 0971 877 604 | AN68: Đại học | AO68: Kỹ thuật Cơ khí | AQ68: =DATEDIF(O68,TODAY(),"y") -> 25
A69: =IF(C69=0,"",SUBTOTAL(3,C$5:C69)) -> 65 | B69: 5 | C69: A412 | D69: =VLOOKUP(C69,Sheet4!$A$1:$B$300,2,0) -> 9621892771 | E69: Nguyễn Trọng Nghĩa | F69: =VLOOKUP(D69,'Sheet1 (2)'!$D$11:$F$338,3,0) -> Nguyễn Trọng Nghĩa | G69: =VLOOKUP(C69,'chuyển xếp 2024'!$C$5:$W$328,21,0) -> 6579000 | H69: =VLOOKUP(C69,'chuyển xếp 2024'!$C$5:$W$328,19,0) -> 0 | I69: Nam | J69: =IF(I69="nữ",0,1) -> 1 | K69: Kinh | L69: Không | N69: Phòng Kỹ thuật | O69: 34221 | P69: 45413 | Q69: Không xác định | R69: 36/HĐLĐ-PBHC/2024 | S69: =DATEDIF(P69,TODAY(),"Y") & " NĂM " &DATEDIF(P69,TODAY(),"YM") & " THÁNG " & DATEDIF(P69,TODAY(), "MD") & " NGÀY " -> 2 NĂM 3 THÁNG 18 NGÀY | T69: 096093010554 | U69: 096093010554 | AG69: 44798 | AI69: Cục cảnh sát QLHC về TTXH | AJ69: TT Cái Nước, Cái Nước,Cà Mau | AK69: Khóm 3,TT Cái Nước, Cái Nước,Cà Mau | AQ69: =DATEDIF(O69,TODAY(),"y") -> 32
A70: =IF(C70=0,"",SUBTOTAL(3,C$5:C70)) -> 66 | B70: 6 | C70: A415 | D70: 9222138330 | E70: Nguyễn Toàn Thái | F70: =VLOOKUP(D70,'Sheet1 (2)'!$D$11:$F$338,3,0) -> Nguyễn Toàn Thái | G70: 6135000 | I70: Nam | J70: =IF(I70="nữ",0,1) -> 1 | K70: Kinh | L70: Không | N70: Phòng Kỹ thuật | O70: 35054 | P70: 45536 | Q70: 12 tháng | R70: 51/HĐLĐ-PBHC/2024 | S70: =DATEDIF(P70,TODAY(),"Y") & " NĂM " &DATEDIF(P70,TODAY(),"YM") & " THÁNG " & DATEDIF(P70,TODAY(), "MD") & " NGÀY " -> 1 NĂM 11 THÁNG 18 NGÀY | T70: 092095006795 | U70: 092095006795 | AG70: 44675 | AI70: Cục cảnh sát QLHC về TTXH | AJ70: Xã Thạnh Phú, Huyện cờ Đỏ, TP.Cần Thơ. | AK70: Ấp Thạnh Hưng, TT Cờ Đỏ, huyện Cờ Đỏ, Tp Cấn Thơ | AQ70: =DATEDIF(O70,TODAY(),"y") -> 30
A71: =IF(C71=0,"",SUBTOTAL(3,C$5:C71)) -> 67 | B71: 7 | C71: A430 | D71: 9621345332 | E71: Trần Hoàng Phúc | F71: =VLOOKUP(D71,'Sheet1 (2)'!$D$11:$F$338,3,0) -> Trần Hoàng Phúc | G71: 6135000 | I71: Nam | K71: Kinh | L71: Không | N71: Phòng Kỹ thuật | O71: 36898 | P71: 45992 | Q71: 12 tháng | S71: =DATEDIF(P71,TODAY(),"Y") & " NĂM " &DATEDIF(P71,TODAY(),"YM") & " THÁNG " & DATEDIF(P71,TODAY(), "MD") & " NGÀY " -> 0 NĂM 8 THÁNG 18 NGÀY | T71: 096201014184 | U71: 096201014184 | AG71: 44720 | AI71: Cục cảnh sát QLHC về TTXH | AJ71: Phường Lý Văn Lâm, Tỉnh Cà Mau | AK71: Ấp Sớm Lớn, Phường Lý Văn Lâm, Tỉnh Cà Mau | AQ71: =DATEDIF(O71,TODAY(),"y") -> 25
A72: =IF(C72=0,"",SUBTOTAL(3,C$5:C72)) -> 68 | C72: A431 | E72: Dương Quang Minh | G72: 6135000 | I72: Nam | K72: Kinh | L72: Không | N72: Phòng Kỹ thuật | O72: 29477 | P72: 46022 | Q72: 12 tháng | R72: 01/HĐLĐ-PBHC/2026 | S72: =DATEDIF(P72,TODAY(),"Y") & " NĂM " &DATEDIF(P72,TODAY(),"YM") & " THÁNG " & DATEDIF(P72,TODAY(), "MD") & " NGÀY " -> 0 NĂM 7 THÁNG 19 NGÀY | T72: 087090007512 | U72: 087090007512 | AG72: 44417 | AI72: Cục cảnh sát QLHC về TTXH | AJ72: Xã Hòa Long, Đồng Tháp | AK72: 129 ấp 3, Xã Hòa Long, Đồng Tháp
A73: =IF(C73=0,"",SUBTOTAL(3,C$5:C73)) -> 69 | B73: 1 | C73: A260 | D73: =VLOOKUP(C73,Sheet4!$A$1:$B$300,2,0) -> 9212008058 | E73: Phan Trường Tiền | F73: =VLOOKUP(D73,'Sheet1 (2)'!$D$11:$F$338,3,0) -> Phan Trường Tiền | G73: =VLOOKUP(C73,'chuyển xếp 2024'!$C$5:$W$328,17,0) -> 7673000 | H73: =VLOOKUP(C73,'chuyển xếp 2024'!$C$5:$W$328,19,0) -> 2365000 | I73: Nam | J73: =IF(I73="nữ",0,1) -> 1 | K73: Kinh | L73: Không | M73: Trưởng phòng | N73: Phòng CN-KCS | O73: 32053 | P73: 41071 | Q73: Không xác định | R73: 76 /HĐ/PBHC/16 | S73: =DATEDIF(P73,TODAY(),"Y") & " NĂM " &DATEDIF(P73,TODAY(),"YM") & " THÁNG " & DATEDIF(P73,TODAY(), "MD") & " NGÀY " -> 14 NĂM 2 THÁNG 8 NGÀY | T73: 091087000155 | U73: =VLOOKUP(C73,Sheet5!$B$2:$G$253,6,0) -> 091087000155 | AI73: Cục cảnh sát QLHC về TTXH | AJ73: Xã Tân Hiệp B, Huyện Tân Hiệp, Tỉnh Kiên Giang. | AK73: 63A hẻm 3 Mậu Thân, P. Xuân Khánh, Q. Ninh Kiều, TP. Cần Thơ | AL73: 63A hẻm 3 Mậu Thân, P. Xuân Khánh, Q. Ninh Kiều, TP. Cần Thơ | AM73: 0383634527 | AN73: Đại học | AO73: Công nghệ hóa học | AP73: Theo chức năng nhiệm vụ được TGĐ giao | AQ73: =DATEDIF(O73,TODAY(),"y") -> 38
A74: =IF(C74=0,"",SUBTOTAL(3,C$5:C74)) -> 70 | B74: 2 | C74: A171 | D74: =VLOOKUP(C74,Sheet4!$A$1:$B$300,2,0) -> 6506006786 | E74: Đặng Phương Thảo | F74: =VLOOKUP(D74,'Sheet1 (2)'!$D$11:$F$338,3,0) -> Đặng Phương Thảo | G74: =VLOOKUP(C74,'chuyển xếp 2024'!$C$5:$W$328,17,0) -> 8287000 | H74: =VLOOKUP(C74,'chuyển xếp 2024'!$C$5:$W$328,19,0) -> 1892000 | I74: Nữ | J74: =IF(I74="nữ",0,1) -> 0 | K74: Kinh | L74: Không | M74: Phó phòng | N74: Phòng CN-KCS | O74: 30254 | P74: 38657 | Q74: Không xác định | R74: 78 /HĐ/PBHC/16 | S74: =DATEDIF(P74,TODAY(),"Y") & " NĂM " &DATEDIF(P74,TODAY(),"YM") & " THÁNG " & DATEDIF(P74,TODAY(), "MD") & " NGÀY " -> 20 NĂM 9 THÁNG 18 NGÀY | T74: 092182003607 | U74: =VLOOKUP(C74,Sheet5!$B$2:$G$253,6,0) -> 092182003607 | AI74: Cục cảnh sát QLHC về TTXH | AJ74: Xã Thới Thạnh, Huyện Thới Lai, TP.Cần Thơ. | AK74: 249 KV 13, Trần Hưng Đạo, Phường Châu Văn Liêm, Quận Ô Môn, TP.Cần Thơ. | AL74: 249 KV 13, Trần Hưng Đạo, Phường Châu Văn Liêm, Quận Ô Môn, TP.Cần Thơ. | AM74: 0917279733 | AN74: Đại học | AO74: Công nghệ hóa học | AP74: Theo chức năng nhiệm vụ được TGĐ giao | AQ74: =DATEDIF(O74,TODAY(),"y") -> 43
A75: =IF(C75=0,"",SUBTOTAL(3,C$5:C75)) -> 71 | B75: 3 | C75: A057 | D75: =VLOOKUP(C75,Sheet4!$A$1:$B$300,2,0) -> 5496032516 | E75: Nguyễn Huỳnh Khánh Linh | F75: =VLOOKUP(D75,'Sheet1 (2)'!$D$11:$F$338,3,0) -> Nguyễn Huỳnh Khánh Linh | G75: =VLOOKUP(C75,'chuyển xếp 2024'!$C$5:$W$328,21,0) -> 7929000 | H75: =VLOOKUP(C75,'chuyển xếp 2024'!$C$5:$W$328,19,0) -> 0 | I75: Nữ | J75: =IF(I75="nữ",0,1) -> 0 | K75: Kinh | L75: Không | N75: Phòng CN-KCS | O75: 25965 | P75: 34035 | Q75: Không xác định | R75: 74 /HĐ/PBHC/16 | S75: =DATEDIF(P75,TODAY(),"Y") & " NĂM " &DATEDIF(P75,TODAY(),"YM") & " THÁNG " & DATEDIF(P75,TODAY(), "MD") & " NGÀY " -> 33 NĂM 5 THÁNG 12 NGÀY | T75: 092171003980 | U75: =VLOOKUP(C75,Sheet5!$B$2:$G$253,6,0) -> 092171003980 | AI75: Cục cảnh sát QLHC về TTXH | AJ75: Phường Cái Khế, Quận Ninh Kiều, TP.Cần Thơ. | AK75: 70/60/2 Cách mạng Tháng 8, Phường Cái Khế, Quận Ninh Kiều, TP.Cần Thơ. | AL75: 70/60/2 Cách mạng Tháng 8, Phường Cái Khế, Quận Ninh Kiều, TP.Cần Thơ. | AM75: 0947 324 947 | AN75: Trung cấp | AO75: Phân tích | AP75: Do Trưởng phòng phân công công việc | AQ75: =DATEDIF(O75,TODAY(),"y") -> 55
A76: =IF(C76=0,"",SUBTOTAL(3,C$5:C76)) -> 72 | B76: 4 | C76: A061 | D76: =VLOOKUP(C76,Sheet4!$A$1:$B$300,2,0) -> 5499003379 | E76: Nguyễn Thị Kim Phượng | F76: =VLOOKUP(D76,'Sheet1 (2)'!$D$11:$F$338,3,0) -> Nguyễn Thị Kim Phượng | G76: =VLOOKUP(C76,'chuyển xếp 2024'!$C$5:$W$328,21,0) -> 9666000 | H76: =VLOOKUP(C76,'chuyển xếp 2024'!$C$5:$W$328,19,0) -> 0 | I76: Nữ | J76: =IF(I76="nữ",0,1) -> 0 | K76: Kinh | L76: Không | N76: Phòng CN-KCS | O76: 27398 | P76: 36114 | Q76: Không xác định | R76: 77 /HĐ/PBHC/16 | S76: =DATEDIF(P76,TODAY(),"Y") & " NĂM " &DATEDIF(P76,TODAY(),"YM") & " THÁNG " & DATEDIF(P76,TODAY(), "MD") & " NGÀY " -> 27 NĂM 9 THÁNG 4 NGÀY | T76: '045175000238 | U76: =VLOOKUP(C76,Sheet5!$B$2:$G$253,6,0) -> 045175000238 | AI76: Cục cảnh sát QLHC về TTXH | AJ76: Xã Triệu Trạch, Huyện Triệu Phong, Tỉnh Quảng Trị. | AK76: B13 Tổ 7, KV4, Phường Trà Nóc, Quận Bình Thuỷ, Thành phố Cần Thơ. | AL76: B13 Tổ 7, KV4, Phường Trà Nóc, Quận Bình Thuỷ, Thành phố Cần Thơ. | AM76: 0939589478 | AN76: Đại học | AO76: Cử nhân Hóa | AP76: Do Trưởng phòng phân công công việc | AQ76: =DATEDIF(O76,TODAY(),"y") -> 51
A77: =IF(C77=0,"",SUBTOTAL(3,C$5:C77)) -> 73 | B77: 5 | C77: A233 | D77: =VLOOKUP(C77,Sheet4!$A$1:$B$300,2,0) -> 9210009441 | E77: Võ Thị Thùy Vân | F77: =VLOOKUP(D77,'Sheet1 (2)'!$D$11:$F$338,3,0) -> Võ Thị Thùy Vân | G77: =VLOOKUP(C77,'chuyển xếp 2024'!$C$5:$W$328,21,0) -> 7673000 | H77: =VLOOKUP(C77,'chuyển xếp 2024'!$C$5:$W$328,19,0) -> 0 | I77: Nữ | J77: =IF(I77="nữ",0,1) -> 0 | K77: Kinh | L77: Không | N77: Phòng CN-KCS | O77: 31248 | P77: 40315 | Q77: Không xác định | R77: 80 /HĐ/PBHC/16 | S77: =DATEDIF(P77,TODAY(),"Y") & " NĂM " &DATEDIF(P77,TODAY(),"YM") & " THÁNG " & DATEDIF(P77,TODAY(), "MD") & " NGÀY " -> 16 NĂM 3 THÁNG 2 NGÀY | T77: 082185024771 | U77: =VLOOKUP(C77,Sheet5!$B$2:$G$253,6,0) -> 082185024771 | AI77: Cục cảnh sát QLHC về TTXH | AJ77: Xã Phú Kiết, Huyện Chợ Gạo, Tỉnh Tiền Giang. | AK77: ấp Phú Cương C, Xã Phú Kiết, Huyện Chợ Gạo, Tỉnh Tiền Giang. | AL77: 180 Thới Hòa, P. Phước Thới, Q. Ô Môn, TP. Cần Thơ | AM77: 0974136073 | AN77: Đại học | AO77: Công nghệ sinh học | AP77: Do Trưởng phòng phân công công việc | AQ77: =DATEDIF(O77,TODAY(),"y") -> 41
A78: =IF(C78=0,"",SUBTOTAL(3,C$5:C78)) -> 74 | B78: 6 | C78: A305 | D78: =VLOOKUP(C78,Sheet4!$A$1:$B$300,2,0) -> 9214012340 | E78: Nguyễn Bá Tân | F78: =VLOOKUP(D78,'Sheet1 (2)'!$D$11:$F$338,3,0) -> Nguyễn Bá Tân | G78: =VLOOKUP(C78,'chuyển xếp 2024'!$C$5:$W$328,21,0) -> 9565000 | H78: 1764000 | I78: Nam | J78: =IF(I78="nữ",0,1) -> 1 | K78: Kinh | L78: Không | M78: Phó phòng | N78: Phòng CN-KCS | O78: 33604 | P78: 41913 | Q78: Không xác định | R78: 83 /HĐ/PBHC/16 | S78: =DATEDIF(P78,TODAY(),"Y") & " NĂM " &DATEDIF(P78,TODAY(),"YM") & " THÁNG " & DATEDIF(P78,TODAY(), "MD") & " NGÀY " -> 11 NĂM 10 THÁNG 18 NGÀY | T78: 087092009654 | U78: =VLOOKUP(C78,Sheet5!$B$2:$G$253,6,0) -> 087092009654 | AI78: Cục cảnh sát QLHC về TTXH | AJ78: Xã Định Hòa, Huyện Lai Vung, Tỉnh Đồng Tháp. | AK78: 17/4 Định Phú, Xã Định Hòa, Huyện Lai Vung, Tỉnh Đồng Tháp. | AL78: Hẻm 16 Nguyễn Viết Xuân, P. Trà Nóc, Q. Bình Thủy, TP. Cần Thơ | AM78: 0703637776 | AN78: Đại học | AO78: Cử nhân sinh học | AP78: Do Trưởng phòng phân công công việc | AQ78: =DATEDIF(O78,TODAY(),"y") -> 34
A79: =IF(C79=0,"",SUBTOTAL(3,C$5:C79)) -> 75 | B79: 7 | C79: A330 | D79: =VLOOKUP(C79,Sheet4!$A$1:$B$300,2,0) -> 9216014083 | E79: Võ Thị Nguyệt Ánh | F79: =VLOOKUP(D79,'Sheet1 (2)'!$D$11:$F$338,3,0) -> Võ Thị Nguyệt Ánh | G79: =VLOOKUP(C79,'chuyển xếp 2024'!$C$5:$W$328,21,0) -> 7673000 | H79: =VLOOKUP(C79,'chuyển xếp 2024'!$C$5:$W$328,19,0) -> 0 | I79: Nữ | J79: =IF(I79="nữ",0,1) -> 0 | K79: Kinh | L79: Không | N79: Phòng CN-KCS | O79: 32903 | P79: 42583 | Q79: Không xác định | R79: 505 /HĐ/PBHC/16 | S79: =DATEDIF(P79,TODAY(),"Y") & " NĂM " &DATEDIF(P79,TODAY(),"YM") & " THÁNG " & DATEDIF(P79,TODAY(), "MD") & " NGÀY " -> 10 NĂM 0 THÁNG 18 NGÀY | T79: 092190005881 | U79: =VLOOKUP(C79,Sheet5!$B$2:$G$253,6,0) -> 092190005881 | AI79: Cục cảnh sát QLHC về TTXH | AJ79: Xã Trung Nhứt, Huyện Thốt Nốt, TP.Cần Thơ. | AK79: Rạch rết 21, khu vực Phúc Lộc 2, Phường Thạnh Hòa, Quận Thốt Nốt, TP. Cần Thơ. | AL79: Số 43 đường Hồ Trung Thành, P. Trà An, Q. Bình Thủy, TP Cần Thơ | AM79: 0979290842 | AN79: Đại học | AO79: Kỹ sư hóa học | AP79: Do trưởng phòng CN-KCS phân công công việc | AQ79: =DATEDIF(O79,TODAY(),"y") -> 36
A80: =IF(C80=0,"",SUBTOTAL(3,C$5:C80)) -> 76 | B80: 8 | C80: A393 | D80: =VLOOKUP(C80,Sheet4!$A$1:$B$300,2,0) -> 8723073381 | E80: Lê Văn Phụng | F80: =VLOOKUP(D80,'Sheet1 (2)'!$D$11:$F$338,3,0) -> Lê Văn Phụng | G80: =VLOOKUP(C80,'chuyển xếp 2024'!$C$5:$W$328,21,0) -> 6579000 | H80: =VLOOKUP(C80,'chuyển xếp 2024'!$C$5:$W$328,19,0) -> 0 | I80: Nam | J80: =IF(I80="nữ",0,1) -> 1 | K80: Kinh | L80: Không | N80: Phòng CN-KCS | O80: 36750 | P80: 44785 | Q80: Không xác định | R80: 28/HĐ-PBHC/2022 | S80: =DATEDIF(P80,TODAY(),"Y") & " NĂM " &DATEDIF(P80,TODAY(),"YM") & " THÁNG " & DATEDIF(P80,TODAY(), "MD") & " NGÀY " -> 4 NĂM 0 THÁNG 7 NGÀY | T80: 087200004261 | U80: =VLOOKUP(C80,Sheet5!$B$2:$G$253,6,0) -> 087200004261 | AG80: 44421 | AI80: Cục cảnh sát QLHC về TTXH | AJ80: X. Vĩnh Thới, H. Lai Vung, T. Đồng Tháp | AK80: 59A/4 Ấp Định phú, x. Định Hòa, H. Lai Vung, T. Đồng Tháp | AM80: 0767 996 904 | AN80: Đại học | AO80: Công nghệ kỹ thuật Hóa học | AP80: Do trưởng phòng CN-KCS phân công công việc | AQ80: =DATEDIF(O80,TODAY(),"y") -> 26
A81: =IF(C81=0,"",SUBTOTAL(3,C$5:C81)) -> 77 | B81: 9 | C81: A402 | D81: =VLOOKUP(C81,Sheet4!$A$1:$B$300,2,0) -> 9321446020 | E81: Trần Khánh Duy | F81: =VLOOKUP(D81,'Sheet1 (2)'!$D$11:$F$338,3,0) -> Trần Khánh Duy | G81: =VLOOKUP(C81,'chuyển xếp 2024'!$C$5:$W$328,21,0) -> 6579000 | H81: =VLOOKUP(C81,'chuyển xếp 2024'!$C$5:$W$328,19,0) -> 0 | I81: Nam | J81: =IF(I81="nữ",0,1) -> 1 | K81: Kinh | L81: Không | N81: Phòng CN-KCS | O81: 35447 | P81: 45064 | Q81: Không xác định | R81: 23/HĐLĐ-PBHC/2023 | S81: =DATEDIF(P81,TODAY(),"Y") & " NĂM " &DATEDIF(P81,TODAY(),"YM") & " THÁNG " & DATEDIF(P81,TODAY(), "MD") & " NGÀY " -> 3 NĂM 3 THÁNG 1 NGÀY | T81: 093097005054 | U81: 093097005054 | AI81: Cục cảnh sát QLHC về TTXH | AJ81: 102/92/26/1 Võ Văn Kiệt, An Hòa, Ninh Kiều, Tp Cần Thơ | AK81: 102/92/26/1 Võ Văn Kiệt, An Hòa, Ninh Kiều, Tp Cần Thơ | AL81: 102/92/26/1 Võ Văn Kiệt, An Hòa, Ninh Kiều, Tp Cần Thơ | AN81: Đại học | AO81: Công nghệ kỹ thuật Hóa học | AP81: Do trưởng phòng CN-KCS phân công công việc | AQ81: =DATEDIF(O81,TODAY(),"y") -> 29
A82: =IF(C82=0,"",SUBTOTAL(3,C$5:C82)) -> 78 | B82: 10 | C82: A417 | D82: 8621557609 | E82: Nguyễn Thanh Loan | F82: =VLOOKUP(D82,'Sheet1 (2)'!$D$11:$F$338,3,0) -> Nguyễn Thanh Loan | G82: 6135000 | I82: Nữ | J82: =IF(I82="nữ",0,1) -> 0 | K82: Kinh | L82: Không | N82: Phòng CN-KCS | O82: 37274 | P82: 45567 | Q82: 12 tháng | R82: 53/HĐLĐ-PBHC/2024 | S82: =DATEDIF(P82,TODAY(),"Y") & " NĂM " &DATEDIF(P82,TODAY(),"YM") & " THÁNG " & DATEDIF(P82,TODAY(), "MD") & " NGÀY " -> 1 NĂM 10 THÁNG 17 NGÀY | T82: 086302003493 | U82: 086302003493 | AG82: 31/12/2021 | AI82: Cục cảnh sát QLHC về TTXH | AJ82: Trung An, Vũng Liêm, Vĩnh Long | AK82: Ấp An Hậu,Trung An, Vũng Liêm, Vĩnh Long | AL82: Ấp An Hậu,Trung An, Vũng Liêm, Vĩnh Long | AN82: Đại học | AO82: Công nghệ kỹ thuật Hóa học | AP82: Do trưởng phòng CN-KCS phân công công việc | AQ82: =DATEDIF(O82,TODAY(),"y") -> 24
A83: =IF(C83=0,"",SUBTOTAL(3,C$5:C83)) -> 79 | B83: 11 | C83: A425 | D83: 8621667859 | E83: Nguyễn Tấn Hưng | F83: =VLOOKUP(D83,'Sheet1 (2)'!$D$11:$F$338,3,0) -> Nguyễn Tấn Hưng | G83: 6135000 | I83: Nam | J83: =IF(I83="nữ",0,1) -> 1 | K83: Kinh | L83: Không | N83: Phòng CN-KCS | O83: 34881 | P83: 45809 | Q83: 12 tháng | R83: 46/HĐLĐ-PBHC/2025 | S83: =DATEDIF(P83,TODAY(),"Y") & " NĂM " &DATEDIF(P83,TODAY(),"YM") & " THÁNG " & DATEDIF(P83,TODAY(), "MD") & " NGÀY " -> 1 NĂM 2 THÁNG 18 NGÀY | T83: 086095008521 | U83: 086095008521 | AG83: 44587 | AI83: Cục cảnh sát QLHC về TTXH | AJ83: Hiếu Nhơn, Vũng Liêm, Vĩnh Long | AK83: Ấp Hiếu Liên,Hiếu Nhơn, Vũng Liêm, Vĩnh Long | AL83: Ấp Hiếu Liên,Hiếu Nhơn, Vũng Liêm, Vĩnh Long | AM83: 0372584718 | AN83: Đại học | AO83: Kỹ thuật cơ khí | AP83: Do trưởng phòng CN-KCS phân công công việc | AQ83: =DATEDIF(O83,TODAY(),"y") -> 31
A84: =IF(C84=0,"",SUBTOTAL(3,C$5:C84)) -> 80 | B84: 12 | C84: A426 | D84: 9521688203 | E84: Lê Thị Ái Ni | F84: =VLOOKUP(D84,'Sheet1 (2)'!$D$11:$F$338,3,0) -> Lê Thị Ái Ni | G84: 6135000 | I84: Nữ | J84: =IF(I84="nữ",0,1) -> 0 | K84: Kinh | L84: Không | N84: Phòng CN-KCS | O84: 36467 | P84: 45809 | Q84: 12 tháng | R84: 47/HĐLĐ-PBHC/2025 | S84: =DATEDIF(P84,TODAY(),"Y") & " NĂM " &DATEDIF(P84,TODAY(),"YM") & " THÁNG " & DATEDIF(P84,TODAY(), "MD") & " NGÀY " -> 1 NĂM 2 THÁNG 18 NGÀY | T84: 095199006558 | U84: 095199006558 | AG84: 44923 | AI84: Cục cảnh sát QLHC về TTXH | AJ84: Hưng Phú, Phước Long, Bạc Liêu | AK84: Ấp Tường 2,Hưng Phú, Phước Long, Bạc Liêu | AL84: Ấp Tường 2,Hưng Phú, Phước Long, Bạc Liêu | AM84: 0949754909 | AN84: Đại học | AO84: Công nghệ kỹ thuật Hóa học | AP84: Do trưởng phòng CN-KCS phân công công việc | AQ84: =DATEDIF(O84,TODAY(),"y") -> 26
A85: =IF(C85=0,"",SUBTOTAL(3,C$5:C85)) -> 81 | B85: 1 | C85: A086 | D85: =VLOOKUP(C85,Sheet4!$A$1:$B$300,2,0) -> 5496032573 | E85: Lê Văn Sáu | F85: =VLOOKUP(D85,'Sheet1 (2)'!$D$11:$F$338,3,0) -> Lê Văn Sáu | G85: =VLOOKUP(C85,'chuyển xếp 2024'!$C$5:$W$328,21,0) -> 6152000 | H85: =VLOOKUP(C85,'chuyển xếp 2024'!$C$5:$W$328,19,0) -> 0 | I85: Nam | J85: =IF(I85="nữ",0,1) -> 1 | K85: Kinh | L85: Không | N85: Đội Bảo vệ | O85: 25851 | P85: 34391 | Q85: Không xác định | R85: 89 /HĐ/PBHC/16 | S85: =DATEDIF(P85,TODAY(),"Y") & " NĂM " &DATEDIF(P85,TODAY(),"YM") & " THÁNG " & DATEDIF(P85,TODAY(), "MD") & " NGÀY " -> 32 NĂM 5 THÁNG 24 NGÀY | T85: 361219884 | U85: =VLOOKUP(C85,Sheet5!$B$2:$G$253,6,0) -> 092070003195 | AG85: 38097 | AI85: Cục cảnh sát QLHC về TTXH | AJ85: Phường Thới An Đông, Quận Bình Thủy, TP.Cần Thơ. | AK85: 305/10 Bình Phước, Phường Phước Thới, Quận Ô Môn, TP.Cần Thơ. | AL85: 305/10 Bình Phước, Phường Phước Thới, Quận Ô Môn, TP.Cần Thơ. | AN85: Sơ cấp | AP85: Do đội trưởng Đội Bảo vệ phân công công việc | AQ85: =DATEDIF(O85,TODAY(),"y") -> 55
A86: =IF(C86=0,"",SUBTOTAL(3,C$5:C86)) -> 82 | B86: 2 | C86: B085 | D86: =VLOOKUP(C86,Sheet4!$A$1:$B$300,2,0) -> 5400002916 | E86: Chữ Văn Hiền | F86: =VLOOKUP(D86,'Sheet1 (2)'!$D$11:$F$338,3,0) -> Chữ Văn Hiền | G86: =VLOOKUP(C86,'chuyển xếp 2024'!$C$5:$W$328,21,0) -> 6152000 | H86: =VLOOKUP(C86,'chuyển xếp 2024'!$C$5:$W$328,19,0) -> 0 | I86: Nam | J86: =IF(I86="nữ",0,1) -> 1 | K86: Kinh | L86: Lương | N86: Đội Bảo vệ | O86: 29469 | P86: 36434 | Q86: Không xác định | R86: 98 /HĐ/PBHC/16 | S86: =DATEDIF(P86,TODAY(),"Y") & " NĂM " &DATEDIF(P86,TODAY(),"YM") & " THÁNG " & DATEDIF(P86,TODAY(), "MD") & " NGÀY " -> 26 NĂM 10 THÁNG 18 NGÀY | T86: 036080003347 | U86: =VLOOKUP(C86,Sheet5!$B$2:$G$253,6,0) -> 036080003347 | AG86: 42663 | AI86: Cục cảnh sát QLHC về TTXH | AJ86: Xã Cộng Hòa, Huyện Vụ Bản, Tỉnh Nam Định. | AK86: Hẻm 137 khu vực 2, Phường Trà An, Quận Bình Thủy, TP.Cần Thơ. | AL86: Hẻm 137 khu vực 2, Phường Trà An, Quận Bình Thủy, TP.Cần Thơ. | AN86: Sơ cấp | AP86: Sản xuất bột giặt, đóng bao bột giặt | AQ86: =DATEDIF(O86,TODAY(),"y") -> 45
A87: =IF(C87=0,"",SUBTOTAL(3,C$5:C87)) -> 83 | B87: 1 | C87: B031 | D87: =VLOOKUP(C87,Sheet4!$A$1:$B$300,2,0) -> 5496032575 | E87: Trần Thanh Phượng | F87: =VLOOKUP(D87,'Sheet1 (2)'!$D$11:$F$338,3,0) -> Trần Thanh Phượng | G87: =VLOOKUP(C87,'chuyển xếp 2024'!$C$5:$W$328,21,0) -> 7976000 | H87: =VLOOKUP(C87,'chuyển xếp 2024'!$C$5:$W$328,19,0) -> 0 | I87: Nam | J87: =IF(I87="nữ",0,1) -> 1 | K87: Kinh | L87: Phật | N87: Xưởng cơ điện | O87: 27459 | P87: 34509 | Q87: Không xác định | R87: 152 /HĐ/PBHC/16 | S87: =DATEDIF(P87,TODAY(),"Y") & " NĂM " &DATEDIF(P87,TODAY(),"YM") & " THÁNG " & DATEDIF(P87,TODAY(), "MD") & " NGÀY " -> 32 NĂM 1 THÁNG 26 NGÀY | T87: 092075008999 | U87: =VLOOKUP(C87,Sheet5!$B$2:$G$253,6,0) -> 092075008999 | AG87: 44440 | AI87: Cục cảnh sát QLHC về TTXH | AJ87: Phường Trà Nóc, Quận Bình Thuỷ, Thành phố Cần Thơ. | AK87: 36A6 Khu vực IV, Phường Trà Nóc, Quận Bình Thủy, TP.Cần Thơ. | AL87: 36A6 Khu vực IV, Phường Trà Nóc, Quận Bình Thủy, TP.Cần Thơ. | AN87: Sơ cấp | AP87: Theo chức năng nhiệm vụ được Tổng giám đốc giao | AQ87: =DATEDIF(O87,TODAY(),"y") -> 51
A88: =IF(C88=0,"",SUBTOTAL(3,C$5:C88)) -> 84 | B88: 2 | C88: C083 | D88: =VLOOKUP(C88,Sheet4!$A$1:$B$300,2,0) -> 5499003350 | E88: Hoàng Văn Giang | F88: =VLOOKUP(D88,'Sheet1 (2)'!$D$11:$F$338,3,0) -> Hoàng Văn Giang | G88: =VLOOKUP(C88,'chuyển xếp 2024'!$C$5:$W$328,21,0) -> 7454000 | H88: =VLOOKUP(C88,'chuyển xếp 2024'!$C$5:$W$328,19,0) -> 0 | I88: Nam | J88: =IF(I88="nữ",0,1) -> 1 | K88: Kinh | L88: Không | N88: Xưởng Cơ điện | O88: 28665 | P88: 35432 | Q88: Không xác định | R88: 105 /HĐ/PBHC/16 | S88: =DATEDIF(P88,TODAY(),"Y") & " NĂM " &DATEDIF(P88,TODAY(),"YM") & " THÁNG " & DATEDIF(P88,TODAY(), "MD") & " NGÀY " -> 29 NĂM 7 THÁNG 17 NGÀY | T88: 035078008434 | U88: =VLOOKUP(C88,Sheet5!$B$2:$G$253,6,0) -> 035078008434 | AG88: 44905 | AI88: Cục cảnh sát QLHC về TTXH | AJ88: Xã Nguyên Lý, Huyện Lý Nhân, Tỉnh Hà Nam. | AK88: 183A KV4, Tổ 6 Lê Hồng Phong, Phường Trà Nóc, Quận Bình Thuỷ, Thành phố Cần Thơ. | AN88: Sơ cấp | AP88: Do quản đốc xưởng Cơ điện phân công công việc | AQ88: =DATEDIF(O88,TODAY(),"y") -> 48
A89: =IF(C89=0,"",SUBTOTAL(3,C$5:C89)) -> 85 | B89: 3 | C89: C188 | D89: =VLOOKUP(C89,Sheet4!$A$1:$B$300,2,0) -> 5496032594 | E89: Trương Văn Năm | F89: =VLOOKUP(D89,'Sheet1 (2)'!$D$11:$F$338,3,0) -> Trương Văn Năm | G89: =VLOOKUP(C89,'chuyển xếp 2024'!$C$5:$W$328,21,0) -> 7976000 | H89: =VLOOKUP(C89,'chuyển xếp 2024'!$C$5:$W$328,19,0) -> 0 | I89: Nam | J89: =IF(I89="nữ",0,1) -> 1 | K89: Kinh | L89: Không | N89: Xưởng Cơ điện | O89: 26216 | P89: 34274 | Q89: Không xác định | R89: 106 /HĐ/PBHC/16 | S89: =DATEDIF(P89,TODAY(),"Y") & " NĂM " &DATEDIF(P89,TODAY(),"YM") & " THÁNG " & DATEDIF(P89,TODAY(), "MD") & " NGÀY " -> 32 NĂM 9 THÁNG 18 NGÀY | T89: 040071000082 | U89: =VLOOKUP(C89,Sheet5!$B$2:$G$253,6,0) -> 040071000082 | AG89: 42384 | AI89: Cục cảnh sát QLHC về TTXH | AJ89: Xã Diễn Quảng, Huyện Diễn Châu, Tỉnh Nghệ An. | AK89: KV 3, Phường Trà Nóc, Quận Bình Thủy, TP.Cần Thơ. | AN89: Sơ cấp | AP89: Do quản đốc xưởng Cơ điện phân công công việc | AQ89: =DATEDIF(O89,TODAY(),"y") -> 54
A90: =IF(C90=0,"",SUBTOTAL(3,C$5:C90)) -> 86 | B90: 4 | C90: D004 | D90: =VLOOKUP(C90,Sheet4!$A$1:$B$300,2,0) -> 5496032624 | E90: Triệu Đình Toản | F90: =VLOOKUP(D90,'Sheet1 (2)'!$D$11:$F$338,3,0) -> Triệu Đình Toản | G90: =VLOOKUP(C90,'chuyển xếp 2024'!$C$5:$W$328,17,0) -> 7976000 | H90: =VLOOKUP(C90,'chuyển xếp 2024'!$C$5:$W$328,19,0) -> 1892000 | I90: Nam | J90: =IF(I90="nữ",0,1) -> 1 | K90: Kinh | L90: Không | M90: Quản đốc | N90: Xưởng Cơ điện | O90: 27885 | P90: 34589 | Q90: Không xác định | R90: 107 /HĐ/PBHC/16 | S90: =DATEDIF(P90,TODAY(),"Y") & " NĂM " &DATEDIF(P90,TODAY(),"YM") & " THÁNG " & DATEDIF(P90,TODAY(), "MD") & " NGÀY " -> 31 NĂM 11 THÁNG 7 NGÀY | T90: 036076021714 | U90: =VLOOKUP(C90,Sheet5!$B$2:$G$253,6,0) -> 036076021714 | AI90: Cục cảnh sát QLHC về TTXH | AJ90: Xã Hợp Hưng, Huyện Vụ Bản, Tỉnh Nam Định. | AK90: Khu Tập thể Hóa chất, Phường Trà Nóc, Quận Bình Thuỷ, Thành phố Cần Thơ. | AN90: Sơ cấp | AO90: Thợ hàn 6/7 | AP90: Theo chức năng nhiệm vụ được Tổng giám đốc giao | AQ90: =DATEDIF(O90,TODAY(),"y") -> 50
A91: =IF(C91=0,"",SUBTOTAL(3,C$5:C91)) -> 87 | B91: 5 | C91: D026 | D91: =VLOOKUP(C91,Sheet4!$A$1:$B$300,2,0) -> 5400002875 | E91: Nguyễn Hùng Hà | F91: =VLOOKUP(D91,'Sheet1 (2)'!$D$11:$F$338,3,0) -> Nguyễn Hùng Hà | G91: =VLOOKUP(C91,'chuyển xếp 2024'!$C$5:$W$328,21,0) -> 7454000 | H91: =VLOOKUP(C91,'chuyển xếp 2024'!$C$5:$W$328,19,0) -> 0 | I91: Nam | J91: =IF(I91="nữ",0,1) -> 1 | K91: Kinh | L91: Không | N91: Xưởng Cơ điện | O91: 26781 | P91: 36161 | Q91: Không xác định | R91: 109 /HĐ/PBHC/16 | S91: =DATEDIF(P91,TODAY(),"Y") & " NĂM " &DATEDIF(P91,TODAY(),"YM") & " THÁNG " & DATEDIF(P91,TODAY(), "MD") & " NGÀY " -> 27 NĂM 7 THÁNG 18 NGÀY | T91: 091073000022 | U91: =VLOOKUP(C91,Sheet5!$B$2:$G$253,6,0) -> 091073000022 | AI91: Cục cảnh sát QLHC về TTXH | AJ91: Xã Mỹ Hội, Huyện Cao Lãnh, Tỉnh Đồng Tháp. | AK91: Khu Tập thể Hóa chất, Phường Trà Nóc, Quận Bình Thuỷ, Thành phố Cần Thơ. | AN91: Sơ cấp | AP91: Do quản đốc xưởng Cơ điện phân công công việc | AQ91: =DATEDIF(O91,TODAY(),"y") -> 53
A92: =IF(C92=0,"",SUBTOTAL(3,C$5:C92)) -> 88 | B92: 6 | C92: D034 | D92: =VLOOKUP(C92,Sheet4!$A$1:$B$300,2,0) -> 5400002904 | E92: Nguyễn Công Phương | F92: =VLOOKUP(D92,'Sheet1 (2)'!$D$11:$F$338,3,0) -> Nguyễn Công Phương | G92: =VLOOKUP(C92,'chuyển xếp 2024'!$C$5:$W$328,17,0) -> 7454000 | H92: =VLOOKUP(C92,'chuyển xếp 2024'!$C$5:$W$328,19,0) -> 1419000 | I92: Nam | J92: =IF(I92="nữ",0,1) -> 1 | K92: Kinh | L92: Lương | M92: Phó quản đốc | N92: Xưởng Cơ điện | O92: 27251 | P92: 36404 | Q92: Không xác định | R92: 110 /HĐ/PBHC/16 | S92: =DATEDIF(P92,TODAY(),"Y") & " NĂM " &DATEDIF(P92,TODAY(),"YM") & " THÁNG " & DATEDIF(P92,TODAY(), "MD") & " NGÀY " -> 26 NĂM 11 THÁNG 18 NGÀY | T92: 040074000865 | U92: =VLOOKUP(C92,Sheet5!$B$2:$G$253,6,0) -> 040074000865 | AI92: Cục cảnh sát QLHC về TTXH | AJ92: Xã Phúc Thành, Huyện Yên Thành, Tỉnh Nghệ An. | AK92: KV Thới Ngươn B, Phường Phước Thới, Quận Ô Môn, TP.Cần Thơ. | AN92: Trung cấp | AO92: sữa chữa ô tô máy kéo; Thợ nguội sửa chữa bậc 4/7 | AP92: Do quản đốc xưởng Cơ điện phân công công việc | AQ92: =DATEDIF(O92,TODAY(),"y") -> 52
A93: =IF(C93=0,"",SUBTOTAL(3,C$5:C93)) -> 89 | B93: 7 | C93: D042 | D93: =VLOOKUP(C93,Sheet4!$A$1:$B$300,2,0) -> 6504006865 | E93: Võ Nghĩa Hòa | F93: =VLOOKUP(D93,'Sheet1 (2)'!$D$11:$F$338,3,0) -> Võ Nghĩa Hòa | G93: =VLOOKUP(C93,'chuyển xếp 2024'!$C$5:$W$328,21,0) -> 8385000 | H93: =VLOOKUP(C93,'chuyển xếp 2024'!$C$5:$W$328,19,0) -> 1419000 | I93: Nam | J93: =IF(I93="nữ",0,1) -> 1 | K93: Kinh | L93: Không | N93: Xưởng Cơ điện | O93: 30177 | P93: 37987 | Q93: Không xác định | R93: 111 /HĐ/PBHC/16 | S93: =DATEDIF(P93,TODAY(),"Y") & " NĂM " &DATEDIF(P93,TODAY(),"YM") & " THÁNG " & DATEDIF(P93,TODAY(), "MD") & " NGÀY " -> 22 NĂM 7 THÁNG 18 NGÀY | T93: 092082005430 | U93: =VLOOKUP(C93,Sheet5!$B$2:$G$253,6,0) -> 092082005430 | AI93: Cục cảnh sát QLHC về TTXH | AJ93: Phường Trà Nóc, Quận Bình Thuỷ, Thành phố Cần Thơ. | AK93: Khu Tập thể Hóa chất, Phường Trà Nóc, Quận Bình Thuỷ, Thành phố Cần Thơ. | AN93: Đại học | AO93: Điện khí hóa và trung cấp điện | AP93: Do quản đốc xưởng Cơ điện phân công công việc | AQ93: =DATEDIF(O93,TODAY(),"y") -> 44
A94: =IF(C94=0,"",SUBTOTAL(3,C$5:C94)) -> 90 | B94: 8 | C94: D050 | D94: =VLOOKUP(C94,Sheet4!$A$1:$B$300,2,0) -> 9208016258 | E94: Lê Như Thuần | F94: =VLOOKUP(D94,'Sheet1 (2)'!$D$11:$F$338,3,0) -> Lê Như Thuần | G94: =VLOOKUP(C94,'chuyển xếp 2024'!$C$5:$W$328,21,0) -> 6966000 | H94: =VLOOKUP(C94,'chuyển xếp 2024'!$C$5:$W$328,19,0) -> 0 | I94: Nam | J94: =IF(I94="nữ",0,1) -> 1 | K94: Kinh | L94: Không | N94: Xưởng Cơ điện | O94: 29575 | P94: 39188 | Q94: Không xác định | R94: 112 /HĐ/PBHC/16 | S94: =DATEDIF(P94,TODAY(),"Y") & " NĂM " &DATEDIF(P94,TODAY(),"YM") & " THÁNG " & DATEDIF(P94,TODAY(), "MD") & " NGÀY " -> 19 NĂM 4 THÁNG 3 NGÀY | T94: 042080000443 | U94: =VLOOKUP(C94,Sheet5!$B$2:$G$253,6,0) -> 042080000443 | AI94: Cục cảnh sát QLHC về TTXH | AJ94: Xã Đức Châu, Huyện Đức Thọ, Tỉnh Hà Tĩnh. | AK94: Khu Tập thể Hóa chất, Phường Trà Nóc, Quận Bình Thuỷ, Thành phố Cần Thơ. | AN94: Đại học | AO94: Điện bậc 4 | AP94: Do quản đốc xưởng Cơ điện phân công công việc | AQ94: =DATEDIF(O94,TODAY(),"y") -> 45
A95: =IF(C95=0,"",SUBTOTAL(3,C$5:C95)) -> 91 | B95: 9 | C95: D095 | D95: =VLOOKUP(C95,Sheet4!$A$1:$B$300,2,0) -> 9212008062 | E95: Nguyễn Văn Huy | F95: =VLOOKUP(D95,'Sheet1 (2)'!$D$11:$F$338,3,0) -> Nguyễn Văn Huy | G95: =VLOOKUP(C95,'chuyển xếp 2024'!$C$5:$W$328,21,0) -> 6510000 | H95: =VLOOKUP(C95,'chuyển xếp 2024'!$C$5:$W$328,19,0) -> 0 | I95: Nam | J95: =IF(I95="nữ",0,1) -> 1 | K95: Kinh | L95: Không | N95: Xưởng Cơ điện | O95: 28992 | P95: 41092 | Q95: Không xác định | R95: 127 /HĐ/PBHC/16 | S95: =DATEDIF(P95,TODAY(),"Y") & " NĂM " &DATEDIF(P95,TODAY(),"YM") & " THÁNG " & DATEDIF(P95,TODAY(), "MD") & " NGÀY " -> 14 NĂM 1 THÁNG 17 NGÀY | T95: 037079000810 | U95: =VLOOKUP(C95,Sheet5!$B$2:$G$253,6,0) -> 037079000810 | AI95: Cục cảnh sát QLHC về TTXH | AJ95: Xã Khánh Hải, Huyện Yên Khánh, Tỉnh Ninh Bình. | AK95: 013/4 tổ 4B KV2, Phường Trà Nóc, Quận Bình Thuỷ, Thành phố Cần Thơ. | AN95: Sơ cấp | AP95: Do quản đốc xưởng Cơ điện phân công công việc | AQ95: =DATEDIF(O95,TODAY(),"y") -> 47
A96: =IF(C96=0,"",SUBTOTAL(3,C$5:C96)) -> 92 | B96: 10 | C96: D100 | D96: =VLOOKUP(C96,Sheet4!$A$1:$B$300,2,0) -> 9213003751 | E96: Nguyễn Hữu Tân | F96: =VLOOKUP(D96,'Sheet1 (2)'!$D$11:$F$338,3,0) -> Nguyễn Hữu Tân | G96: =VLOOKUP(C96,'chuyển xếp 2024'!$C$5:$W$328,21,0) -> 6966000 | H96: =VLOOKUP(C96,'chuyển xếp 2024'!$C$5:$W$328,19,0) -> 0 | I96: Nam | J96: =IF(I96="nữ",0,1) -> 1 | K96: Kinh | L96: Không | N96: Xưởng Cơ điện | O96: 32311 | P96: 41339 | Q96: Không xác định | R96: 130 /HĐ/PBHC/16 | S96: =DATEDIF(P96,TODAY(),"Y") & " NĂM " &DATEDIF(P96,TODAY(),"YM") & " THÁNG " & DATEDIF(P96,TODAY(), "MD") & " NGÀY " -> 13 NĂM 5 THÁNG 13 NGÀY | T96: 092088014526 | U96: =VLOOKUP(C96,Sheet5!$B$2:$G$253,6,0) -> 092088014526 | AI96: Cục cảnh sát QLHC về TTXH | AJ96: Xã Nhơn ái, Huyện Phong Điền, TP.Cần Thơ. | AK96: 1033 ấp Nhơn Lộc 2A, Thị trấn Phong Điền, Huyện Phong Điền, TP.Cần Thơ. | AN96: Cao đẳng | AO96: Cắt gọt kim loại | AP96: Do quản đốc xưởng Cơ điện phân công công việc | AQ96: =DATEDIF(O96,TODAY(),"y") -> 38
A97: =IF(C97=0,"",SUBTOTAL(3,C$5:C97)) -> 93 | B97: 11 | C97: D043 | D97: =VLOOKUP(C97,Sheet4!$A$1:$B$300,2,0) -> 6506006806 | E97: Phạm Quang Huy | F97: =VLOOKUP(D97,'Sheet1 (2)'!$D$11:$F$338,3,0) -> Phạm Quang Huy | G97: =VLOOKUP(C97,'chuyển xếp 2024'!$C$5:$W$328,21,0) -> 6634000 | H97: =VLOOKUP(C97,'chuyển xếp 2024'!$C$5:$W$328,19,0) -> 0 | I97: Nam | J97: =IF(I97="nữ",0,1) -> 1 | K97: Kinh | L97: Không | N97: Xưởng cơ điện | O97: 24326 | P97: 38768 | Q97: Không xác định | R97: 155 /HĐ/PBHC/16 | S97: =DATEDIF(P97,TODAY(),"Y") & " NĂM " &DATEDIF(P97,TODAY(),"YM") & " THÁNG " & DATEDIF(P97,TODAY(), "MD") & " NGÀY " -> 20 NĂM 5 THÁNG 30 NGÀY | T97: 036066001127 | U97: =VLOOKUP(C97,Sheet5!$B$2:$G$253,6,0) -> 036066001127 | AI97: Cục cảnh sát QLHC về TTXH | AJ97: Xã Nghĩa Thái, Huyện Nghĩa Hưng, Tỉnh Nam Định. | AK97: 130/15 KV Bình Lập, Phường Phước Thới, Quận Bình Thủy, TP.Cần Thơ. | AN97: Trung cấp | AO97: Nuôi trồng thủy sản | AP97: Do đội trưởng Đội Bảo trì phân công công việc | AQ97: =DATEDIF(O97,TODAY(),"y") -> 60 | AS97: 07th | AT97: 1 | AU97: 2 | AV97: 3 | AW97: 4 | AX97: 5 | AY97: 6 | AZ97: 7 | BA97: 8 | BB97: 9 | BC97: 10 | BD97: 11 | BE97: 12 | BF97: 13 | BG97: 14 | BH97: 15 | BI97: 16 | BJ97: 17 | BK97: 18 | BL97: 19 | BM97: 20 | BN97: 21 | BO97: 22 | BP97: 23 | BQ97: 24 | BR97: 25 | BS97: 26 | BT97: 27 | BU97: 28 | BV97: 29 | BW97: 30 | BX97: 31 | BY97: 32 | BZ97: 33 | CA97: 34 | CB97: 35 | CC97: 36 | CD97: 37 | CE97: 38 | CF97: 39 | CG97: 40 | CH97: 41 | CI97: 42 | CJ97: 43 | CK97: 44 | CL97: 45 | CM97: 46 | CN97: 47 | CO97: 48 | CP97: 49 | CQ97: 50 | CR97: 51 | CS97: 52 | CT97: 53 | CU97: 54 | CV97: hết tháng 5
A98: =IF(C98=0,"",SUBTOTAL(3,C$5:C98)) -> 94 | B98: 12 | C98: D104 | D98: =VLOOKUP(C98,Sheet4!$A$1:$B$300,2,0) -> 9215006914 | E98: Nguyễn Chí Thanh | F98: =VLOOKUP(D98,'Sheet1 (2)'!$D$11:$F$338,3,0) -> Nguyễn Chí Thanh | G98: =VLOOKUP(C98,'chuyển xếp 2024'!$C$5:$W$328,21,0) -> 6200000 | H98: =VLOOKUP(C98,'chuyển xếp 2024'!$C$5:$W$328,19,0) -> 0 | I98: Nam | J98: =IF(I98="nữ",0,1) -> 1 | K98: Kinh | L98: Không | N98: Xưởng cơ điện | O98: 32241 | P98: 42125 | Q98: Không xác định | R98: 159 /HĐ/PBHC/16 | S98: =DATEDIF(P98,TODAY(),"Y") & " NĂM " &DATEDIF(P98,TODAY(),"YM") & " THÁNG " & DATEDIF(P98,TODAY(), "MD") & " NGÀY " -> 11 NĂM 3 THÁNG 18 NGÀY | T98: 092088006085 | U98: =VLOOKUP(C98,Sheet5!$B$2:$G$253,6,0) -> 092088006085 | AI98: Cục cảnh sát QLHC về TTXH | AJ98: Phường Trà Nóc, Quận Bình Thuỷ, Thành phố Cần Thơ. | AK98: khu vực Thới Bình, Phường Trà Nóc, Quận Bình Thuỷ, Thành phố Cần Thơ. | AN98: Cao đẳng | AO98: Điện công nghiệp | AP98: Do đội trưởng Đội Bảo trì phân công công việc | AQ98: =DATEDIF(O98,TODAY(),"y") -> 38
A99: =IF(C99=0,"",SUBTOTAL(3,C$5:C99)) -> 95 | B99: 13 | C99: C366 | D99: =VLOOKUP(C99,Sheet4!$A$1:$B$300,2,0) -> 9210016730 | E99: Phạm Ngọc Hiệp | F99: =VLOOKUP(D99,'Sheet1 (2)'!$D$11:$F$338,3,0) -> Phạm Ngọc Hiệp | G99: =VLOOKUP(C99,'chuyển xếp 2024'!$C$5:$W$328,21,0) -> 6084000 | H99: =VLOOKUP(C99,'chuyển xếp 2024'!$C$5:$W$328,19,0) -> 0 | I99: Nam | J99: =IF(I99="nữ",0,1) -> 1 | K99: Kinh | L99: Không | N99: Xưởng cơ điện | O99: 29063 | P99: 40427 | Q99: Không xác định | R99: 363 /HĐ/PBHC/16 | S99: =DATEDIF(P99,TODAY(),"Y") & " NĂM " &DATEDIF(P99,TODAY(),"YM") & " THÁNG " & DATEDIF(P99,TODAY(), "MD") & " NGÀY " -> 15 NĂM 11 THÁNG 13 NGÀY | T99: 092079008699 | U99: =VLOOKUP(C99,Sheet5!$B$2:$G$253,6,0) -> 092079008699 | AI99: Cục cảnh sát QLHC về TTXH | AJ99: Phường Thới Hoà, Quận Ô Môn, TP.Cần Thơ. | AK99: KV Hòa An, Phường Thới Hòa, Quận Ô Môn, Tp. Cần Thơ. | AN99: Sơ cấp | AP99: Do quản đốc xưởng Cơ điện phân công công việc | AQ99: =DATEDIF(O99,TODAY(),"y") -> 47
A100: =IF(C100=0,"",SUBTOTAL(3,C$5:C100)) -> 96 | B100: 14 | C100: D113 | D100: =VLOOKUP(C100,Sheet4!$A$1:$B$300,2,0) -> 9210016716 | E100: Đặng Quang Chất | F100: =VLOOKUP(D100,'Sheet1 (2)'!$D$11:$F$338,3,0) -> Đặng Quang Chất | G100: =VLOOKUP(C100,'chuyển xếp 2024'!$C$5:$W$328,21,0) -> 6084000 | H100: =VLOOKUP(C100,'chuyển xếp 2024'!$C$5:$W$328,19,0) -> 0 | I100: Nam | J100: =IF(I100="nữ",0,1) -> 1 | K100: Kinh | L100: Không | N100: Xưởng cơ điện | O100: 29305 | P100: 43817 | Q100: Không xác định | R100: 29/HĐ-PBHC/19 | S100: =DATEDIF(P100,TODAY(),"Y") & " NĂM " &DATEDIF(P100,TODAY(),"YM") & " THÁNG " & DATEDIF(P100,TODAY(), "MD") & " NGÀY " -> 6 NĂM 8 THÁNG 1 NGÀY | T100: 092080005871 | U100: =VLOOKUP(C100,Sheet5!$B$2:$G$253,6,0) -> 092080005871 | AI100: Cục cảnh sát QLHC về TTXH | AJ100: Phường Trường Lạc, Quận Ô Môn, Thành phố Cần Thơ. | AK100: Số 104, KV Tân Bình, Phường Trường Lạc, Quận Ô Môn, TP.Cần Thơ. | AN100: Sơ cấp | AP100: Do quản đốc xưởng Cơ điện phân công công việc | AQ100: =DATEDIF(O100,TODAY(),"y") -> 46
A101: =IF(C101=0,"",SUBTOTAL(3,C$5:C101)) -> 97 | B101: 15 | C101: D114 | D101: =VLOOKUP(C101,Sheet4!$A$1:$B$300,2,0) -> 9212001006 | E101: Phan Văn Nam | F101: =VLOOKUP(D101,'Sheet1 (2)'!$D$11:$F$338,3,0) -> Phan Văn Nam | G101: =VLOOKUP(C101,'chuyển xếp 2024'!$C$5:$W$328,21,0) -> 5415000 | H101: =VLOOKUP(C101,'chuyển xếp 2024'!$C$5:$W$328,19,0) -> 0 | I101: Nam | J101: =IF(I101="nữ",0,1) -> 1 | K101: Kinh | L101: Không | N101: Xưởng cơ điện | O101: 32771 | P101: 43817 | Q101: Không xác định | R101: 30/HĐ-PBHC/19 | S101: =DATEDIF(P101,TODAY(),"Y") & " NĂM " &DATEDIF(P101,TODAY(),"YM") & " THÁNG " & DATEDIF(P101,TODAY(), "MD") & " NGÀY " -> 6 NĂM 8 THÁNG 1 NGÀY | T101: 092089006543 | U101: =VLOOKUP(C101,Sheet5!$B$2:$G$253,6,0) -> 092089006543 | AI101: Cục cảnh sát QLHC về TTXH | AJ101: Phường Trường Lạc, Quận Ô Môn, Thành phố Cần Thơ. | AK101: Số 125 KV Bình Thuận, Phường Trường Lạc, Quận Ô Môn, TP.Cần Thơ. | AN101: Sơ cấp | AP101: Do quản đốc xưởng Cơ điện phân công công việc | AQ101: =DATEDIF(O101,TODAY(),"y") -> 36
...

Sheet T2-26
B1: DANH SÁCH NHÂN SỰ | R1: Ngày làm | S1: Năm công tác | T1: Ngày tính
B2: XÍ NGHIỆP PHÂN BÓN HÓA CHẤT | R2: 37087 | S2: =DATEDIF(R2,T2,"Y") & " NĂM " &DATEDIF(R2,T2,"YM") & " THÁNG " & DATEDIF(R2,T2, "MD") & " NGÀY " -> 7 NĂM 5 THÁNG 16 NGÀY | T2: 39813
A4: STT | B4: STT | C4: MÃ SỐ | E4: HỌ VÀ TÊN | G4: Lương | H4: Phụ cấp | I4: GIỚI TÍNH | K4: DÂN TỘC | L4: TÔN GIÁO | M4: CHỨC VỤ | N4: ĐƠN VỊ CÔNG TÁC | O4: NGÀY SINH | P4: NGÀY LÀM | Q4: HĐLĐ | R4: SỐ HĐLĐ | S4: NĂM CÔNG TÁC | T4: CMND | U4: CCCD | V4: Quốc tịch | W4: Nâng Lương | X4: Số ngày nghỉ trong năm | Y4: Số giờ làm thêm | Z4: Đào tạo bồi dưỡng chuyên môn KT | AA4: Kỷ luật lao động | AB4: Trách nhiệm vật chất | AC4: Tai nạn lao động | AD4: Bệnh nghề nghiệp | AE4: Thời điểm chấm dứt HĐLĐ | AF4: Lý do | AG4: NGÀY CẤP | AI4: NƠI CẤP | AJ4: NƠI SINH | AK4: ĐỊA CHỈ THƯỜNG TRÚ | AL4: ĐỊA CHỈ HIỆN NAY | AM4: SỐ ĐIỆN THOẠI | AN4: TRÌNH ĐỘ | AO4: CHUYÊN NGÀNH | AP4: CÔNG VIỆC PHẢI LÀM | AQ4: Tuổi
A5: =IF(C5=0,"",SUBTOTAL(3,C$5:C5)) -> 1 | B5: 1 | C5: A268 | D5: =VLOOKUP(C5,Sheet4!$A$1:$B$300,2,0) -> 9213003755 | E5: Nguyễn Công Huân | F5: =VLOOKUP(D5,'Sheet1 (2)'!$D$11:$F$338,3,0) -> Nguyễn Công Huân | G5: =VLOOKUP(C5,'chuyển xếp 2024'!$C$5:$W$328,17,0) -> 26000000 | H5: =VLOOKUP(C5,'chuyển xếp 2024'!$C$5:$W$328,19,0) -> 0 | I5: Nam | J5: =IF(I5="nữ",0,1) -> 1 | K5: Kinh | L5: Không | M5: TGĐ | O5: 31483 | P5: 41379 | Q5: Không xác định | R5: 2 /HĐ/PBHC/16 | S5: =DATEDIF(P5,TODAY(),"Y") & " NĂM " &DATEDIF(P5,TODAY(),"YM") & " THÁNG " & DATEDIF(P5,TODAY(), "MD") & " NGÀY " -> 13 NĂM 4 THÁNG 4 NGÀY | T5: 092086007417 | U5: =VLOOKUP(C5,Sheet5!$B$2:$G$253,6,0) -> 092086007417 | AG5: 44743 | AI5: Cục cảnh sát QLHC về TTXH | AJ5: Phường Xuân Khánh, Quận Ninh Kiều, Thành phố Cần Thơ | AK5: Số 166 Nguyễn Thị Minh Khai, Phường Xuân Khánh, Quận Ninh Kiều, TP Cần Thơ. | AL5: Số 9 Cồn Khương, Phường Cái Khế, Quận Ninh Kiều, Thành phố Cần Thơ | AN5: Thạc sĩ | AO5: Bác sĩ & Quản trị Kinh doanh | AQ5: =DATEDIF(O5,TODAY(),"y") -> 40
A6: =IF(C6=0,"",SUBTOTAL(3,C$5:C6)) -> 2 | B6: 2 | C6: A035 | D6: =VLOOKUP(C6,Sheet4!$A$1:$B$300,2,0) -> 5496032611 | E6: Nguyễn Nam Bình | F6: =VLOOKUP(D6,'Sheet1 (2)'!$D$11:$F$338,3,0) -> Nguyễn Nam Bình | G6: =VLOOKUP(C6,'chuyển xếp 2024'!$C$5:$W$328,17,0) -> 23000000 | H6: =VLOOKUP(C6,'chuyển xếp 2024'!$C$5:$W$328,19,0) -> 0 | I6: Nam | J6: =IF(I6="nữ",0,1) -> 1 | K6: Kinh | L6: Không | M6: Phó TGĐ kiêm Chủ tịch HĐTV Cty TNHH Hữu cơ đậm đặc | O6: 26344 | P6: 34243 | Q6: Không xác định | S6: =DATEDIF(P6,TODAY(),"Y") & " NĂM " &DATEDIF(P6,TODAY(),"YM") & " THÁNG " & DATEDIF(P6,TODAY(), "MD") & " NGÀY " -> 32 NĂM 10 THÁNG 18 NGÀY | T6: 034072016055 | U6: =VLOOKUP(C6,Sheet5!$B$2:$G$253,6,0) -> 034072016055 | AG6: 44522 | AI6: Cục cảnh sát QLHC về TTXH | AJ6: Thị trấn An Bài, Tỉnh Thái Bình. | AK6: U5 Nguyễn Ngọc Trai, phường Xuân Khánh, quận Ninh Kiều, TP Cần Thơ. | AL6: U5 Nguyễn Ngọc Trai, phường Xuân Khánh, quận Ninh Kiều, TP Cần Thơ. | AN6: Đại học | AO6: Kế toán tài chính | AQ6: =DATEDIF(O6,TODAY(),"y") -> 54
A7: =IF(C7=0,"",SUBTOTAL(3,C$5:C7)) -> 3 | B7: 3 | C7: A131 | D7: =VLOOKUP(C7,Sheet4!$A$1:$B$300,2,0) -> 5402005143 | E7: Trần Ngọc Văn | F7: =VLOOKUP(D7,'Sheet1 (2)'!$D$11:$F$338,3,0) -> Trần Ngọc Văn | G7: 21850000 | I7: Nam | J7: =IF(I7="nữ",0,1) -> 1 | K7: Kinh | L7: Phật | M7: P tổng giám đốc | N7: Phòng TT | O7: 28775 | P7: 37104 | Q7: Không xác định | R7: 16 /HĐ/PBHC/16 | S7: =DATEDIF(P7,TODAY(),"Y") & " NĂM " &DATEDIF(P7,TODAY(),"YM") & " THÁNG " & DATEDIF(P7,TODAY(), "MD") & " NGÀY " -> 25 NĂM 0 THÁNG 18 NGÀY | T7: 089078019969 | U7: =VLOOKUP(C7,Sheet5!$B$2:$G$253,6,0) -> 089078019969 | AI7: Cục cảnh sát QLHC về TTXH | AJ7: Xã Tân Hòa, Huyện Phú Tân, Tỉnh An Giang. | AK7: P. Mỹ Phước, TP Long Xuyên, T. An Giang | AL7: Khu TT Công An, P. An Hòa, Q. Ninh Kiều, TP Cần Thơ | AM7: 0639664171 | AN7: Đại học | AO7: Kỹ sư nông nghiệp | AP7: Theo chức năng nhiệm vụ được TGĐ giao | AQ7: =DATEDIF(O7,TODAY(),"y") -> 47
A8: =IF(C8=0,"",SUBTOTAL(3,C$5:C8)) -> 4 | B8: 4 | C8: A190 | D8: =VLOOKUP(C8,Sheet4!$A$1:$B$300,2,0) -> 6506006858 | E8: Trần Siêu Đẳng | F8: =VLOOKUP(D8,'Sheet1 (2)'!$D$11:$F$338,3,0) -> Trần Siêu Đẳng | G8: 21850000 | I8: Nam | J8: =IF(I8="nữ",0,1) -> 1 | K8: Kinh | L8: Không | M8: P tổng Giám đốc | N8: VP XN. PB&HC | O8: 29335 | P8: 39052 | Q8: Không xác định | R8: 199 /HĐ/PBHC/16 | S8: =DATEDIF(P8,TODAY(),"Y") & " NĂM " &DATEDIF(P8,TODAY(),"YM") & " THÁNG " & DATEDIF(P8,TODAY(), "MD") & " NGÀY " -> 19 NĂM 8 THÁNG 18 NGÀY | T8: 212021584 | U8: =VLOOKUP(C8,Sheet5!$B$2:$G$253,6,0) -> 051080007405 | AG8: 40938 | AI8: Cục cảnh sát QLHC về TTXH | AJ8: Xã Phổ Phong, Huyện Đức Phổ, Tỉnh Quảng Ngãi. | AK8: 130 đường 30/4, Phường Hưng Lợi, Quận Ninh Kiều, TP.Cần Thơ. | AN8: Đại học | AO8: Công nghệ hóa học | AP8: Theo chức năng nhiệm vụ được Tổng giám đốc giao | AQ8: =DATEDIF(O8,TODAY(),"y") -> 46
A9: =IF(C9=0,"",SUBTOTAL(3,C$5:C9)) -> 5 | B9: 5 | C9: A391 | D9: =VLOOKUP(C9,Sheet4!$A$1:$B$300,2,0) -> 8616014612 | E9: Võ Quỳnh Như | F9: =VLOOKUP(D9,'Sheet1 (2)'!$D$11:$F$338,3,0) -> Võ Quỳnh Như | G9: =VLOOKUP(C9,'chuyển xếp 2024'!$C$5:$W$328,21,0) -> 6579000 | H9: =VLOOKUP(C9,'chuyển xếp 2024'!$C$5:$W$328,19,0) -> 0 | I9: Nữ | J9: =IF(I9="nữ",0,1) -> 0 | K9: Kinh | L9: Không | N9: Phòng XNK | O9: 34643 | P9: 44713 | Q9: Không xác định | R9: 17/HĐ-PBHC/2022 | S9: =DATEDIF(P9,TODAY(),"Y") & " NĂM " &DATEDIF(P9,TODAY(),"YM") & " THÁNG " & DATEDIF(P9,TODAY(), "MD") & " NGÀY " -> 4 NĂM 2 THÁNG 18 NGÀY | T9: 341725735 | U9: =VLOOKUP(C9,Sheet5!$B$2:$G$253,6,0) -> 087194013763 | AG9: 40353 | AI9: Cục cảnh sát QLHC về TTXH | AJ9: 138 Ấp An Lợi, X. An Khánh, H. Châu Thành, T. Đồng Tháp | AK9: 138 Ấp An Lợi, X. An Khánh, H. Châu Thành, T. Đồng Tháp | AM9: 0979 176 415 | AN9: Đại học | AO9: Ngôn ngữ Anh | AP9: Do Trưởng phòng phân công công việc | AQ9: =DATEDIF(O9,TODAY(),"y") -> 31
A10: =IF(C10=0,"",SUBTOTAL(3,C$5:C10)) -> 6 | B10: 1 | C10: A279 | D10: =VLOOKUP(C10,Sheet4!$A$1:$B$300,2,0) -> 9212004554 | E10: Nguyễn Thanh Duy | F10: =VLOOKUP(D10,'Sheet1 (2)'!$D$11:$F$338,3,0) -> Nguyễn Thanh Duy | G10: =VLOOKUP(C10,'chuyển xếp 2024'!$C$5:$W$328,17,0) -> 7673000 | H10: =VLOOKUP(C10,'chuyển xếp 2024'!$C$5:$W$328,19,0) -> 2365000 | I10: Nam | J10: =IF(I10="nữ",0,1) -> 1 | K10: Kinh | L10: Không | M10: Trưởng phòng | N10: P. KHVT | O10: 32952 | P10: 41609 | Q10: Không xác định | R10: 4 /HĐ/PBHC/16 | S10: =DATEDIF(P10,TODAY(),"Y") & " NĂM " &DATEDIF(P10,TODAY(),"YM") & " THÁNG " & DATEDIF(P10,TODAY(), "MD") & " NGÀY " -> 12 NĂM 8 THÁNG 18 NGÀY | T10: 092090014793 | U10: =VLOOKUP(C10,Sheet5!$B$2:$G$253,6,0) -> 092090014793 | AI10: Cục cảnh sát QLHC về TTXH | AJ10: Phường Thới Bình, Quận Ninh Kiều, Thành phố Cần Thơ. | AK10: 228/74A Phạm Ngũ Lão, P. An Hòa, Q. NK, TPCT | AL10: 228/74A Phạm Ngũ Lão, P. An Hòa, Q. NK, TPCT | AM10: 0939155888 | AN10: Đại học | AO10: KT Ngoại Thương | AP10: Do Trưởng phòng phân công công việc | AQ10: =DATEDIF(O10,TODAY(),"y") -> 36
A11: =IF(C11=0,"",SUBTOTAL(3,C$5:C11)) -> 7 | B11: 2 | C11: A255 | D11: =VLOOKUP(C11,Sheet4!$A$1:$B$300,2,0) -> 9212004139 | E11: Trầm Trung Bích Thảo | F11: =VLOOKUP(D11,'Sheet1 (2)'!$D$11:$F$338,3,0) -> Trầm Trung Bích Thảo | G11: =VLOOKUP(C11,'chuyển xếp 2024'!$C$5:$W$328,17,0) -> 7673000 | H11: =VLOOKUP(C11,'chuyển xếp 2024'!$C$5:$W$328,19,0) -> 1892000 | I11: Nữ | J11: =IF(I11="nữ",0,1) -> 0 | K11: Kinh | L11: Không | M11: Phó phòng | N11: P. KHVT | O11: 32616 | P11: 40977 | Q11: Không xác định | R11: 6 /HĐ/PBHC/16 | S11: =DATEDIF(P11,TODAY(),"Y") & " NĂM " &DATEDIF(P11,TODAY(),"YM") & " THÁNG " & DATEDIF(P11,TODAY(), "MD") & " NGÀY " -> 14 NĂM 5 THÁNG 10 NGÀY | T11: 094189000207 | U11: =VLOOKUP(C11,Sheet5!$B$2:$G$253,6,0) -> 094189000207 | AG11: 38540 | AI11: Cục cảnh sát QLHC về TTXH | AJ11: Xã Đại Tâm, Huyện Mỹ Xuyên, Tỉnh Sóc Trăng | AK11: 63A hẻm 3 Mậu Thân, P. Xuân Khánh, Q. Ninh Kiều, TP. Cần Thơ | AL11: 63A hẻm 3 Mậu Thân, P. Xuân Khánh, Q. Ninh Kiều, TP. Cần Thơ | AM11: 0988978619 | AN11: Đại học | AO11: Công nghệ hóa học | AP11: Theo chức năng nhiệm vụ được TGĐ giao | AQ11: =DATEDIF(O11,TODAY(),"y") -> 37
A12: =IF(C12=0,"",SUBTOTAL(3,C$5:C12)) -> 8 | B12: 3 | C12: A358 | D12: =VLOOKUP(C12,Sheet4!$A$1:$B$300,2,0) -> 9221356007 | E12: Trần Ngọc Bảo Trân | F12: =VLOOKUP(D12,'Sheet1 (2)'!$D$11:$F$338,3,0) -> Trần Ngọc Bảo Trân | G12: =VLOOKUP(C12,'chuyển xếp 2024'!$C$5:$W$328,21,0) -> 7105000 | H12: =VLOOKUP(C12,'chuyển xếp 2024'!$C$5:$W$328,19,0) -> 0 | I12: Nữ | J12: =IF(I12="nữ",0,1) -> 0 | K12: Kinh | L12: Không | N12: P. KHVT | O12: 34769 | P12: 43282 | Q12: Không xác định | R12: 15.1 /HĐ-PBHC/19 | S12: =DATEDIF(P12,TODAY(),"Y") & " NĂM " &DATEDIF(P12,TODAY(),"YM") & " THÁNG " & DATEDIF(P12,TODAY(), "MD") & " NGÀY " -> 8 NĂM 1 THÁNG 18 NGÀY | T12: 362488362 | U12: =VLOOKUP(C12,Sheet5!$B$2:$G$253,6,0) -> 092195009932 | AG12: 41193 | AI12: Cục cảnh sát QLHC về TTXH | AJ12: Phường Xuân Khánh, Quận Ninh Kiều, Thành phố Cần Thơ. | AK12: 126 Lê Anh Xuân, Phường An Hòa, Quận Ninh Kiều, Thành phố Cần Thơ. | AL12: 126 Lê Anh Xuân, Phường An Hòa, Quận Ninh Kiều, Thành phố Cần Thơ. | AM12: 0834500115 | AN12: Đại học | AO12: Cử nhân sinh học | AP12: Do Trưởng phòng phân công công việc | AQ12: =DATEDIF(O12,TODAY(),"y") -> 31
A13: =IF(C13=0,"",SUBTOTAL(3,C$5:C13)) -> 9 | B13: 4 | C13: A369 | D13: =VLOOKUP(C13,Sheet4!$A$1:$B$300,2,0) -> 8722989947 | E13: Phan Thanh Trường | F13: =VLOOKUP(D13,'Sheet1 (2)'!$D$11:$F$338,3,0) -> Phan Thanh Trường | G13: =VLOOKUP(C13,'chuyển xếp 2024'!$C$5:$W$328,21,0) -> 7105000 | H13: =VLOOKUP(C13,'chuyển xếp 2024'!$C$5:$W$328,19,0) -> 0 | I13: Nam | J13: =IF(I13="nữ",0,1) -> 1 | K13: Kinh | L13: Không | N13: P. KHVT | O13: 35312 | P13: 43647 | Q13: Không xác định | R13: 04.1/HĐ-PBHC/20 | S13: =DATEDIF(P13,TODAY(),"Y") & " NĂM " &DATEDIF(P13,TODAY(),"YM") & " THÁNG " & DATEDIF(P13,TODAY(), "MD") & " NGÀY " -> 7 NĂM 1 THÁNG 18 NGÀY | T13: 341841411 | U13: =VLOOKUP(C13,Sheet5!$B$2:$G$253,6,0) -> 087096014501 | AG13: 41081 | AI13: Cục cảnh sát QLHC về TTXH | AJ13: Xã Long Hậu, Huyện Lai Vung, Tỉnh Đồng Tháp. | AK13: 93/24 Nguyễn Việt Dũng, P. An Thới, Q. Bình Thủy, TP Cần Thơ | AL13: 93/24 Nguyễn Việt Dũng, P. An Thới, Q. Bình Thủy, TP Cần Thơ | AM13: 0907902546 | AN13: Đại học | AO13: Marketing | AP13: Do Trưởng phòng phân công công việc | AQ13: =DATEDIF(O13,TODAY(),"y") -> 29
A14: =IF(C14=0,"",SUBTOTAL(3,C$5:C14)) -> 10 | B14: 5 | C14: A385 | D14: 8923922038 | E14: Nguyễn Thị Thùy Miên | F14: =VLOOKUP(D14,'Sheet1 (2)'!$D$11:$F$338,3,0) -> Nguyễn Thị Thùy Miên | G14: =VLOOKUP(C14,'chuyển xếp 2024'!$C$5:$W$328,21,0) -> 7105000 | H14: =VLOOKUP(C14,'chuyển xếp 2024'!$C$5:$W$328,19,0) -> 0 | I14: Nữ | J14: =IF(I14="nữ",0,1) -> 0 | K14: Kinh | L14: Không | N14: P. KHVT | O14: 35554 | P14: 44349 | Q14: Không xác định | R14: 18/HĐ-PBHC/2021 | S14: =DATEDIF(P14,TODAY(),"Y") & " NĂM " &DATEDIF(P14,TODAY(),"YM") & " THÁNG " & DATEDIF(P14,TODAY(), "MD") & " NGÀY " -> 5 NĂM 2 THÁNG 17 NGÀY | T14: 089197013110 | U14: =VLOOKUP(C14,Sheet5!$B$2:$G$253,6,0) -> 089197013110 | AG14: 44916 | AI14: Cục cảnh sát QLHC về TTXH | AJ14: Xã Long Điền B, Huyện Chợ Mới, Tỉnh An Giang | AK14: Ấp Long Quới 1, Xã Long Điền B, Huyện Chợ Mới, Tỉnh An Giang | AL14: 95 Trần Chiên, P. Lê Bình, Q. Cái Răng, TP Cần Thơ | AM14: 0969342484 | AN14: Đại học | AO14: Công nghệ kỹ thuật Hóa học | AP14: Do Trưởng phòng phân công công việc | AQ14: =DATEDIF(O14,TODAY(),"y") -> 29
A15: =IF(C15=0,"",SUBTOTAL(3,C$5:C15)) -> 11 | B15: 6 | C15: A289 | D15: =VLOOKUP(C15,Sheet4!$A$1:$B$300,2,0) -> 5499003403 | E15: Hoàng Thị Thanh Mai | F15: =VLOOKUP(D15,'Sheet1 (2)'!$D$11:$F$338,3,0) -> Hoàng Thị Thanh Mai | G15: =VLOOKUP(C15,'chuyển xếp 2024'!$C$5:$W$328,21,0) -> 6375000 | H15: =VLOOKUP(C15,'chuyển xếp 2024'!$C$5:$W$328,19,0) -> 0 | I15: Nữ | J15: =IF(I15="nữ",0,1) -> 0 | K15: Kinh | L15: Không | N15: P. KHVT | O15: 29150 | P15: 41744 | Q15: Không xác định | R15: 29 /HĐ/PBHC/16 | S15: =DATEDIF(P15,TODAY(),"Y") & " NĂM " &DATEDIF(P15,TODAY(),"YM") & " THÁNG " & DATEDIF(P15,TODAY(), "MD") & " NGÀY " -> 12 NĂM 4 THÁNG 4 NGÀY | T15: 036179013255 | U15: =VLOOKUP(C15,Sheet5!$B$2:$G$253,6,0) -> 036179013255 | AI15: Cục cảnh sát QLHC về TTXH | AJ15: Phường Trà Nóc, Quận Bình Thuỷ, Thành phố Cần Thơ. | AK15: B11 Nguyễn Thông, Phường An Thới, Quận Ô Môn, Thành phố Cần Thơ. | AL15: B11 Nguyễn Thông, Phường An Thới, Quận Ô Môn, Thành phố Cần Thơ. | AM15: 0972835009 | AN15: Trung cấp | AO15: Kế toán | AP15: Do Trưởng phòng phân công công việc | AQ15: =DATEDIF(O15,TODAY(),"y") -> 46
A16: =IF(C16=0,"",SUBTOTAL(3,C$5:C16)) -> 12 | B16: 7 | C16: A215 | D16: =VLOOKUP(C16,Sheet4!$A$1:$B$300,2,0) -> 9208007865 | E16: Nguyễn Thị Mỹ Nhiên | F16: =VLOOKUP(D16,'Sheet1 (2)'!$D$11:$F$338,3,0) -> Nguyễn Thị Mỹ Nhiên | G16: =VLOOKUP(C16,'chuyển xếp 2024'!$C$5:$W$328,21,0) -> 8287000 | H16: =VLOOKUP(C16,'chuyển xếp 2024'!$C$5:$W$328,19,0) -> 0 | I16: Nữ | J16: =IF(I16="nữ",0,1) -> 0 | K16: Kinh | L16: Không | N16: P. KHVT | O16: 30333 | P16: 39539 | Q16: Không xác định | R16: 308 /HĐ/PBHC/16 | S16: =DATEDIF(P16,TODAY(),"Y") & " NĂM " &DATEDIF(P16,TODAY(),"YM") & " THÁNG " & DATEDIF(P16,TODAY(), "MD") & " NGÀY " -> 18 NĂM 4 THÁNG 18 NGÀY | T16: 093183000309 | U16: =VLOOKUP(C16,Sheet5!$B$2:$G$253,6,0) -> 093183000309 | AI16: Cục cảnh sát QLHC về TTXH | AJ16: Xã Phú Hữu, Huyện Châu Thành, Tỉnh Hậu Giang | AK16: 24 Bế Văn Đàn, Phường An Hòa, Quận Ninh Kiều, Thành phố Cần Thơ. | AL16: 24 Bế Văn Đàn, Phường An Hòa, Quận Ninh Kiều, Thành phố Cần Thơ. | AN16: Đại học | AO16: Công nghệ hóa học | AP16: Do Trưởng phòng phân công công việc | AQ16: =DATEDIF(O16,TODAY(),"y") -> 43
A17: =IF(C17=0,"",SUBTOTAL(3,C$5:C17)) -> 13 | B17: 8 | C17: A408 | D17: =VLOOKUP(C17,Sheet4!$A$1:$B$300,2,0) -> 9222378283 | E17: Trần Chí Đan | F17: =VLOOKUP(D17,'Sheet1 (2)'!$D$11:$F$338,3,0) -> Trần Chí Đan | G17: =VLOOKUP(C17,'chuyển xếp 2024'!$C$5:$W$328,21,0) -> 6579000 | H17: =VLOOKUP(C17,'chuyển xếp 2024'!$C$5:$W$328,19,0) -> 0 | I17: Nam | J17: =IF(I17="nữ",0,1) -> 1 | K17: Kinh | L17: Không | N17: P. KHVT | O17: 36024 | P17: 45231 | Q17: Không xác định | R17: 57/HĐ/PBHC/2023 | S17: =DATEDIF(P17,TODAY(),"Y") & " NĂM " &DATEDIF(P17,TODAY(),"YM") & " THÁNG " & DATEDIF(P17,TODAY(), "MD") & " NGÀY " -> 2 NĂM 9 THÁNG 18 NGÀY | T17: 092098000305 | U17: 092098000305 | AG17: 2//8/10/2022 | AI17: Cục cảnh sát QLHC về TTXH | AJ17: Xã Trường Thành, huyện Thới Lai, Tp Cần Thơ | AK17: Ấp Trường Tây,Xã Trường Thành, huyện Thới Lai, Tp Cần Thơ | AN17: Đại học | AO17: Công nghệ sinh học | AP17: Do Trưởng phòng phân công công việc | AQ17: =DATEDIF(O17,TODAY(),"y") -> 28
A18: =IF(C18=0,"",SUBTOTAL(3,C$5:C18)) -> 14 | B18: 9 | C18: A414 | D18: =VLOOKUP(C18,Sheet4!$A$1:$B$300,2,0) -> 9320886452 | E18: Trần Văn Giàu | F18: =VLOOKUP(D18,'Sheet1 (2)'!$D$11:$F$338,3,0) -> Trần Văn Giàu | G18: =VLOOKUP(C18,'chuyển xếp 2024'!$C$5:$W$328,21,0) -> 5466000 | H18: =VLOOKUP(C18,'chuyển xếp 2024'!$C$5:$W$328,19,0) -> 0 | I18: Nam | J18: =IF(I18="nữ",0,1) -> 1 | K18: Kinh | L18: Không | N18: P. KHVT | O18: 37034 | P18: 45444 | Q18: 12 tháng | R18: 38/HĐ/PBHC/2024 | S18: =DATEDIF(P18,TODAY(),"Y") & " NĂM " &DATEDIF(P18,TODAY(),"YM") & " THÁNG " & DATEDIF(P18,TODAY(), "MD") & " NGÀY " -> 2 NĂM 2 THÁNG 18 NGÀY | T18: 93201003354 | U18: 093201003354 | AG18: 44326 | AI18: Cục cảnh sát QLHC về TTXH | AJ18: Xã Đại Thành, Tp Ngã Bãy, Hậu Giang. | AK18: Ấp Sơn Phú, Xã Đại Thành, Tp Ngã Bãy, Hậu Giang. | AN18: Cao Đẳng | AO18: Thiết kế, Đồ Họa | AP18: Do Trưởng phòng phân công công việc | AQ18: =DATEDIF(O18,TODAY(),"y") -> 25
A19: =IF(C19=0,"",SUBTOTAL(3,C$5:C19)) -> 15 | B19: 10 | C19: C109 | D19: =VLOOKUP(C19,Sheet4!$A$1:$B$300,2,0) -> 5496032498 | E19: Lê Huy Minh | F19: =VLOOKUP(D19,'Sheet1 (2)'!$D$11:$F$338,3,0) -> Lê Huy Minh | G19: =VLOOKUP(C19,'chuyển xếp 2024'!$C$5:$W$328,17,0) -> 8287000 | H19: =VLOOKUP(C19,'chuyển xếp 2024'!$C$5:$W$328,19,0) -> 1892000 | I19: Nam | J19: =IF(I19="nữ",0,1) -> 1 | K19: Kinh | L19: Không | M19: Phó phòng | N19: P. KHVT | O19: 28537 | P19: 34824 | Q19: Không xác định | R19: 8 /HĐ/PBHC/16 | S19: =DATEDIF(P19,TODAY(),"Y") & " NĂM " &DATEDIF(P19,TODAY(),"YM") & " THÁNG " & DATEDIF(P19,TODAY(), "MD") & " NGÀY " -> 31 NĂM 3 THÁNG 14 NGÀY | T19: 038078000972 | U19: =VLOOKUP(C19,Sheet5!$B$2:$G$253,6,0) -> 038078000972 | AG19: 36572 | AI19: Cục cảnh sát QLHC về TTXH | AJ19: Xã Hải Hòa, Huyện Tĩnh Gia, Tỉnh Thanh Hoá. | AK19: 183/6 Lê Hồng Phong, Phường Trà Nóc, Quận Bình Thuỷ, Thành phố Cần Thơ. | AL19: 183/6 Lê Hồng Phong, Phường Trà Nóc, Quận Bình Thuỷ, Thành phố Cần Thơ. | AM19: 0916413878 | AN19: Đại học | AO19: QTKD | AP19: Do Trưởng phòng phân công công việc | AQ19: =DATEDIF(O19,TODAY(),"y") -> 48
A20: =IF(C20=0,"",SUBTOTAL(3,C$5:C20)) -> 16 | B20: 11 | C20: A288 | D20: =VLOOKUP(C20,Sheet4!$A$1:$B$300,2,0) -> 9214004739 | E20: Nguyễn Hải Đăng | F20: =VLOOKUP(D20,'Sheet1 (2)'!$D$11:$F$338,3,0) -> Nguyễn Hải Đăng | G20: =VLOOKUP(C20,'chuyển xếp 2024'!$C$5:$W$328,21,0) -> #N/A | H20: =VLOOKUP(C20,'chuyển xếp 2024'!$C$5:$W$328,19,0) -> #N/A | I20: Nam | J20: =IF(I20="nữ",0,1) -> 1 | K20: Kinh | L20: Không | N20: P. KHVT | O20: 33156 | P20: 41730 | Q20: Không xác định | R20: 5 /HĐ/PBHC/16 | S20: =DATEDIF(P20,TODAY(),"Y") & " NĂM " &DATEDIF(P20,TODAY(),"YM") & " THÁNG " & DATEDIF(P20,TODAY(), "MD") & " NGÀY " -> 12 NĂM 4 THÁNG 18 NGÀY | T20: 093090005260 | U20: =VLOOKUP(C20,Sheet5!$B$2:$G$253,6,0) -> 093090005260 | AI20: Cục cảnh sát QLHC về TTXH | AJ20: Xã Thuận Hưng, Huyện Long Mỹ, Tỉnh Hậu Giang. | AK20: Cạnh 162/54 đường Trần Quang Diệu, P.An Thới, Q. Bình Thủy, TP. Cần Thơ | AL20: Cạnh 162/54 đường Trần Quang Diệu, P.An Thới, Q. Bình Thủy, TP. Cần Thơ | AM20: 0907441113 | AN20: Đại học | AO20: QTKD | AP20: Do Trưởng phòng phân công công việc | AQ20: =DATEDIF(O20,TODAY(),"y") -> 35
A21: =IF(C21=0,"",SUBTOTAL(3,C$5:C21)) -> 17 | B21: 12 | C21: A339 | D21: =VLOOKUP(C21,Sheet4!$A$1:$B$300,2,0) -> 9216023928 | E21: Lê Minh Toàn | F21: =VLOOKUP(D21,'Sheet1 (2)'!$D$11:$F$338,3,0) -> Lê Minh Toàn | G21: =VLOOKUP(C21,'chuyển xếp 2024'!$C$5:$W$328,21,0) -> 8539000 | H21: =VLOOKUP(C21,'chuyển xếp 2024'!$C$5:$W$328,19,0) -> 1892000 | I21: Nam | J21: =IF(I21="nữ",0,1) -> 1 | K21: Kinh | L21: Không | N21: P. KHVT | O21: 33063 | P21: 42675 | Q21: Không xác định | R21: 14 /HĐ/PBHC/16 | S21: =DATEDIF(P21,TODAY(),"Y") & " NĂM " &DATEDIF(P21,TODAY(),"YM") & " THÁNG " & DATEDIF(P21,TODAY(), "MD") & " NGÀY " -> 9 NĂM 9 THÁNG 18 NGÀY | T21: 092090001386 | U21: =VLOOKUP(C21,Sheet5!$B$2:$G$253,6,0) -> 092090001386 | AG21: 42543 | AI21: Cục cảnh sát QLHC về TTXH | AJ21: Phường Xuân Khánh, Quận Ninh Kiều, Thành phố Cần Thơ. | AK21: 9/126 KDC số 9, đường 30/4, Phường Xuân Khánh, Quận Ninh Kiều, TP. Cần Thơ. | AL21: 9/126 KDC số 9, đường 30/4, Phường Xuân Khánh, Quận Ninh Kiều, TP. Cần Thơ. | AM21: 0919027948 | AN21: Đại học | AO21: Kế toán | AP21: Do Trưởng phòng phân công công việc | AQ21: =DATEDIF(O21,TODAY(),"y") -> 36
A22: =IF(C22=0,"",SUBTOTAL(3,C$5:C22)) -> 18 | B22: 13 | C22: C562 | D22: =VLOOKUP(C22,Sheet4!$A$1:$B$300,2,0) -> 9121911947 | E22: Trần Ngọc Sáng | F22: =VLOOKUP(D22,'Sheet1 (2)'!$D$11:$F$338,3,0) -> Trần Ngọc Sáng | G22: =VLOOKUP(C22,'chuyển xếp 2024'!$C$5:$W$328,21,0) -> 6647000 | H22: =VLOOKUP(C22,'chuyển xếp 2024'!$C$5:$W$328,19,0) -> 0 | I22: Nam | J22: =IF(I22="nữ",0,1) -> 1 | K22: Kinh | L22: Không | N22: P. KHVT | O22: 34773 | P22: 44501 | Q22: Không xác định | R22: 23/HĐ-PBHC/2021 | S22: =DATEDIF(P22,TODAY(),"Y") & " NĂM " &DATEDIF(P22,TODAY(),"YM") & " THÁNG " & DATEDIF(P22,TODAY(), "MD") & " NGÀY " -> 4 NĂM 9 THÁNG 18 NGÀY | T22: 371665103 | U22: 091095006772 | AG22: 43109 | AI22: Cục cảnh sát QLHC về TTXH | AJ22: TT Kiên Lương, H. Kiên Lương, T. Kiên Giang | AK22: 14 Tổ 19 khu phố cư xá mới, TT Kiên Lương, H. Kiên Lương, T. Kiên Giang | AM22: 0888 664 550 | AN22: Cao Đẳng | AO22: Tài chính - Ngân hàng | AP22: Do Trưởng phòng phân công công việc | AQ22: =DATEDIF(O22,TODAY(),"y") -> 31
A23: =IF(C23=0,"",SUBTOTAL(3,C$5:C23)) -> 19 | B23: 14 | C23: A419 | D23: 9221326375 | E23: Nguyễn Trương Bình Nguyên | F23: =VLOOKUP(D23,'Sheet1 (2)'!$D$11:$F$338,3,0) -> Nguyễn Trương Bình Nguyên | G23: 5955000 | I23: Nam | J23: =IF(I23="nữ",0,1) -> 1 | K23: Kinh | L23: Không | N23: P. KHVT | O23: 37611 | P23: 45709 | Q23: 12 tháng | R23: 01/HĐ-PBHC/2025 | S23: =DATEDIF(P23,TODAY(),"Y") & " NĂM " &DATEDIF(P23,TODAY(),"YM") & " THÁNG " & DATEDIF(P23,TODAY(), "MD") & " NGÀY " -> 1 NĂM 5 THÁNG 29 NGÀY | T23: 092202006332 | U23: 092202006332 | AG23: 44816 | AI23: Cục cảnh sát QLHC về TTXH | AJ23: Xuân Khánh, Ninh Kiều, Tp Cần Thơ | AK23: U5 Nguyễn Ngọc Trai, phường Xuân Khánh, quận Ninh Kiều, TP Cần Thơ. | AL23: U5 Nguyễn Ngọc Trai, phường Xuân Khánh, quận Ninh Kiều, TP Cần Thơ. | AM23: 962973361 | AN23: Đại học | AO23: Kinh tế nông nghiệp | AP23: Do Trưởng phòng phân công công việc | AQ23: =DATEDIF(O23,TODAY(),"y") -> 23
A24: =IF(C24=0,"",SUBTOTAL(3,C$5:C24)) -> 20 | B24: 15 | C24: P009 | D24: 9897325409 | E24: Lê Minh Tuấn | F24: =VLOOKUP(D24,'Sheet1 (2)'!$D$11:$F$338,3,0) -> Lê Minh Tuấn | G24: 4410000 | I24: Nam | J24: =IF(I24="nữ",0,1) -> 1 | K24: Kinh | L24: Không | N24: Nhân viên TT BG | O24: 36873 | P24: 45505 | Q24: 12 tháng | R24: 50/HĐLĐ-PBHC/2024 | S24: =DATEDIF(P24,TODAY(),"Y") & " NĂM " &DATEDIF(P24,TODAY(),"YM") & " THÁNG " & DATEDIF(P24,TODAY(), "MD") & " NGÀY " -> 2 NĂM 0 THÁNG 18 NGÀY | T24: 092200006987 | U24: 092200006987 | AG24: 22/11/2021 | AI24: Cục cảnh sát QLHC về TTXH | AJ24: Hưng Lợi, Ninh Kiều, Tp Cấn Thơ | AK24: 9/126 KDC số 9, Phường Xuân Khánh, Quận Ninh Kiều, TP. Cần Thơ. | AL24: 9/126 KDC số 9, Phường Xuân Khánh, Quận Ninh Kiều, TP. Cần Thơ. | AN24: Phổ thông | AP24: Do Trưởng bộ phận phân công công việc | AQ24: =DATEDIF(O24,TODAY(),"y") -> 25
A25: =IF(C25=0,"",SUBTOTAL(3,C$5:C25)) -> 21 | B25: 16 | C25: A422 | D25: 9321782052 | E25: Huỳnh Dương Phương Anh | F25: =VLOOKUP(D25,'Sheet1 (2)'!$D$11:$F$338,3,0) -> Huỳnh Dương Phương Anh | G25: 6135000 | I25: Nữ | J25: =IF(I25="nữ",0,1) -> 0 | K25: Kinh | L25: Không | N25: P. KHVT | O25: 37460 | P25: 45748 | Q25: 12 tháng | R25: 20/HĐ-PBHC/2025 | S25: =DATEDIF(P25,TODAY(),"Y") & " NĂM " &DATEDIF(P25,TODAY(),"YM") & " THÁNG " & DATEDIF(P25,TODAY(), "MD") & " NGÀY " -> 1 NĂM 4 THÁNG 18 NGÀY | T25: 093302001656 | U25: 093302001656 | AG25: 45434 | AI25: Cục cảnh sát QLHC về TTXH | AJ25: Xã Long Phú, Thị xã Long Mỹ, Hậu Giang | AK25: Ấp Long Hoà 2, Xã Long Phú, Thị xã Long Mỹ, Hậu Giang | AN25: Đại học | AO25: Kỹ sư KT hoá học | AP25: Do Trưởng phòng phân công công việc | AQ25: =DATEDIF(O25,TODAY(),"y") -> 24
A26: =IF(C26=0,"",SUBTOTAL(3,C$5:C26)) -> 22 | B26: 17 | C26: A424 | D26: 8721741812 | E26: Đặng Thị Uyên Nhi | F26: =VLOOKUP(D26,'Sheet1 (2)'!$D$11:$F$338,3,0) -> Đặng Thị Uyên Nhi | G26: 6135000 | I26: Nữ | J26: =IF(I26="nữ",0,1) -> 0 | K26: Kinh | L26: Không | N26: P. KHVT | O26: 44710 | P26: 45809 | Q26: 12 tháng | R26: 45/HĐ-PBHC/2025 | S26: =DATEDIF(P26,TODAY(),"Y") & " NĂM " &DATEDIF(P26,TODAY(),"YM") & " THÁNG " & DATEDIF(P26,TODAY(), "MD") & " NGÀY " -> 1 NĂM 2 THÁNG 18 NGÀY | T26: 087302004502 | U26: 087302004502 | AG26: 44371 | AI26: Cục cảnh sát QLHC về TTXH | AJ26: Tân Thuận Tây, Tp Cao Lãnh, Đồng Tháp | AK26: 42 tổ 2, ấp Tân Hậu, Tân Thuận Tây, Tp Cao Lãnh | AL26: 42 tổ 2, ấp Tân Hậu, Tân Thuận Tây, Tp Cao Lãnh | AM26: .07036458862 | AN26: Đại học | AO26: Công nghệ Kỹ thuật hóa học | AP26: Do Trưởng phòng phân công công việc | AQ26: =DATEDIF(O26,TODAY(),"y") -> 4
A27: =IF(C27=0,"",SUBTOTAL(3,C$5:C27)) -> 23 | B27: 18 | C27: A429 | D27: 9221356842 | E27: Lê Võ Nhật Khoa | F27: =VLOOKUP(D27,'Sheet1 (2)'!$D$11:$F$338,3,0) -> Lê Võ Nhật Khoa | G27: 6135000 | I27: Nam | K27: Kinh | L27: Không | N27: P. KHVT | O27: 37948 | P27: 45962 | R27: 70/HĐ-PBHC/2025 | S27: =DATEDIF(P27,TODAY(),"Y") & " NĂM " &DATEDIF(P27,TODAY(),"YM") & " THÁNG " & DATEDIF(P27,TODAY(), "MD") & " NGÀY " -> 0 NĂM 9 THÁNG 18 NGÀY | T27: 092203005594 | U27: 092203005594 | AG27: 44894 | AI27: Cục cảnh sát QLHC về TTXH | AJ27: Xuân Khánh, Ninh Kiều, Tp Cần Thơ | AK27: 51G5, đường 3/2, Ninh Kiều, Tp Cần Thơ | AL27: 51G5, đường 3/2, Ninh Kiều, Tp Cần Thơ | AM27: 0708119039 | AN27: Đại học | AO27: Truyền thông | AP27: Do Trưởng phòng phân công công việc
A28: =IF(C28=0,"",SUBTOTAL(3,C$5:C28)) -> 24 | B28: 1 | C28: A246 | D28: =VLOOKUP(C28,Sheet4!$A$1:$B$300,2,0) -> 9210002398 | E28: Trần Minh Giàu | F28: =VLOOKUP(D28,'Sheet1 (2)'!$D$11:$F$338,3,0) -> Trần Minh Giàu | G28: =VLOOKUP(C28,'chuyển xếp 2024'!$C$5:$W$328,21,0) -> 7046000 | H28: =VLOOKUP(C28,'chuyển xếp 2024'!$C$5:$W$328,19,0) -> 0 | I28: Nam | J28: =IF(I28="nữ",0,1) -> 1 | K28: Kinh | L28: Không | N28: Phòng TT | O28: 30348 | P28: 40665 | Q28: Không xác định | R28: 23 /HĐ/PBHC/16 | S28: =DATEDIF(P28,TODAY(),"Y") & " NĂM " &DATEDIF(P28,TODAY(),"YM") & " THÁNG " & DATEDIF(P28,TODAY(), "MD") & " NGÀY " -> 15 NĂM 3 THÁNG 17 NGÀY | T28: 092083009975 | U28: =VLOOKUP(C28,Sheet5!$B$2:$G$253,6,0) -> 092083009975 | AI28: Cục cảnh sát QLHC về TTXH | AJ28: Phường An Nghiệp, Quận Ninh Kiều, Thành phố Cần Thơ. | AK28: 112 Trần Hưng Đạo, Quận Ninh Kiều, Thành phố Cần Thơ. | AL28: 138/28 Tràn Hưng Đạo, P. An Nghiệp, Q. Ninh Kiều, TP Cần Thơ | AM28: 0907930044 | AN28: Đại học | AO28: Kỹ sư nông học | AP28: Do Trưởng phòng phân công công việc | AQ28: =DATEDIF(O28,TODAY(),"y") -> 43
A29: =IF(C29=0,"",SUBTOTAL(3,C$5:C29)) -> 25 | B29: 2 | C29: A327 | D29: =VLOOKUP(C29,Sheet4!$A$1:$B$300,2,0) -> 7912294379 | E29: Lê Trung Hiếu | F29: =VLOOKUP(D29,'Sheet1 (2)'!$D$11:$F$338,3,0) -> Lê Trung Hiếu | G29: =VLOOKUP(C29,'chuyển xếp 2024'!$C$5:$W$328,21,0) -> 6647000 | H29: =VLOOKUP(C29,'chuyển xếp 2024'!$C$5:$W$328,19,0) -> 0 | I29: Nam | J29: =IF(I29="nữ",0,1) -> 1 | K29: Kinh | L29: Không | N29: Phòng TT | O29: 32620 | P29: 42370 | Q29: Không xác định | R29: 466 /HĐ/PBHC/16 | S29: =DATEDIF(P29,TODAY(),"Y") & " NĂM " &DATEDIF(P29,TODAY(),"YM") & " THÁNG " & DATEDIF(P29,TODAY(), "MD") & " NGÀY " -> 10 NĂM 7 THÁNG 18 NGÀY | T29: 086089010769 | U29: =VLOOKUP(C29,Sheet5!$B$2:$G$253,6,0) -> 086089010769 | AI29: Cục cảnh sát QLHC về TTXH | AJ29: Xã Trà Côn, Huyện Trà Ôn, Tỉnh Vĩnh Long. | AK29: ấp Ông Tín, Xã Trà Côn, Huyện Trà Ôn, Tỉnh Vĩnh Long. | AL29: 69/62 Hẻm 583 đường 30/4, P. Hưng Lợi, Q. Ninh Kiều, TP Cần Thơ | AM29: 0978618388 | AN29: Cao đẳng | AO29: Công nghệ hóa học | AP29: Do Trưởng phòng phân công công việc | AQ29: =DATEDIF(O29,TODAY(),"y") -> 37
A30: =IF(C30=0,"",SUBTOTAL(3,C$5:C30)) -> 26 | B30: 3 | C30: H062 | D30: =VLOOKUP(C30,Sheet4!$A$1:$B$300,2,0) -> 9213008128 | E30: Lê Bằng Thẳng | F30: =VLOOKUP(D30,'Sheet1 (2)'!$D$11:$F$338,3,0) -> Lê Bằng Thẳng | G30: =VLOOKUP(C30,'chuyển xếp 2024'!$C$5:$W$328,21,0) -> 6647000 | H30: =VLOOKUP(C30,'chuyển xếp 2024'!$C$5:$W$328,19,0) -> 0 | I30: Nam | J30: =IF(I30="nữ",0,1) -> 1 | K30: Kinh | L30: Không | N30: Phòng TT | O30: 31643 | P30: 42156 | Q30: Không xác định | R30: 449 /HĐ/PBHC/16 | S30: =DATEDIF(P30,TODAY(),"Y") & " NĂM " &DATEDIF(P30,TODAY(),"YM") & " THÁNG " & DATEDIF(P30,TODAY(), "MD") & " NGÀY " -> 11 NĂM 2 THÁNG 18 NGÀY | T30: 093086003738 | U30: =VLOOKUP(C30,Sheet5!$B$2:$G$253,6,0) -> 093086003738 | AI30: Cục cảnh sát QLHC về TTXH | AJ30: Phường Trà Lồng, Thị xã Long Mỹ, Tỉnh Hậu Giang. | AK30: KV I, Phường Trà Lồng, Thị xã Long Mỹ, Tỉnh Hậu Giang. | AL30: KV6, Phường Trà Nóc, Q. Bình Thủy, TP Cần Thơ | AN30: Đại học | AO30: Luật | AP30: Do Trưởng phòng phân công công việc | AQ30: =DATEDIF(O30,TODAY(),"y") -> 40
A31: =IF(C31=0,"",SUBTOTAL(3,C$5:C31)) -> 27 | B31: 4 | C31: A328 | D31: =VLOOKUP(C31,Sheet4!$A$1:$B$300,2,0) -> 9216001664 | E31: Huỳnh Phú Nhân | F31: =VLOOKUP(D31,'Sheet1 (2)'!$D$11:$F$338,3,0) -> Huỳnh Phú Nhân | G31: =VLOOKUP(C31,'chuyển xếp 2024'!$C$5:$W$328,21,0) -> 7046000 | H31: =VLOOKUP(C31,'chuyển xếp 2024'!$C$5:$W$328,19,0) -> 0 | I31: Nam | J31: =IF(I31="nữ",0,1) -> 1 | K31: Kinh | L31: Không | N31: Phòng TT | O31: 34633 | P31: 42370 | Q31: Không xác định | R31: 467 /HĐ/PBHC/16 | S31: =DATEDIF(P31,TODAY(),"Y") & " NĂM " &DATEDIF(P31,TODAY(),"YM") & " THÁNG " & DATEDIF(P31,TODAY(), "MD") & " NGÀY " -> 10 NĂM 7 THÁNG 18 NGÀY | T31: 092094005136 | U31: =VLOOKUP(C31,Sheet5!$B$2:$G$253,6,0) -> 092094005136 | AI31: Cục cảnh sát QLHC về TTXH | AJ31: Phường Trường Lạc, Quận Ô Môn, Thành phố Cần Thơ. | AK31: 57 KV Bình Thuận, Phường Trường Lạc, Quận Ô Môn, Thành phố Cần Thơ. | AL31: 57 KV Bình Thuận, Phường Trường Lạc, Quận Ô Môn, Thành phố Cần Thơ. | AN31: Trung cấp | AO31: Bảo vệ thực vật | AP31: Do Trưởng phòng phân công công việc | AQ31: =DATEDIF(O31,TODAY(),"y") -> 31
A32: =IF(C32=0,"",SUBTOTAL(3,C$5:C32)) -> 28 | B32: 5 | C32: A367 | D32: =VLOOKUP(C32,Sheet4!$A$1:$B$300,2,0) -> 9222306746 | E32: Lương Phú Vinh | F32: =VLOOKUP(D32,'Sheet1 (2)'!$D$11:$F$338,3,0) -> Lương Phú Vinh | G32: =VLOOKUP(C32,'chuyển xếp 2024'!$C$5:$W$328,21,0) -> 6647000 | H32: =VLOOKUP(C32,'chuyển xếp 2024'!$C$5:$W$328,19,0) -> 0 | I32: Nam | J32: =IF(I32="nữ",0,1) -> 1 | K32: Kinh | L32: Không | N32: Phòng TT | O32: 33917 | P32: 43405 | Q32: Không xác định | R32: 24 /HĐ-PBHC/18 | S32: =DATEDIF(P32,TODAY(),"Y") & " NĂM " &DATEDIF(P32,TODAY(),"YM") & " THÁNG " & DATEDIF(P32,TODAY(), "MD") & " NGÀY " -> 7 NĂM 9 THÁNG 18 NGÀY | T32: 092092010946 | U32: =VLOOKUP(C32,Sheet5!$B$2:$G$253,6,0) -> 092092010946 | AI32: Cục cảnh sát QLHC về TTXH | AJ32: Xã Trường Long, Huyện Phong Điền, Thành phố Cần Thơ. | AK32: Số 02, ấp Trường Ninh, Xã Trường Long, Huyện Phong Điền, Thành phố Cần Thơ. | AN32: Đại học | AO32: Cử nhân sinh học | AP32: Do giám đốc xí nghiệp Phân bón phân công công việc | AQ32: =DATEDIF(O32,TODAY(),"y") -> 33
A33: =IF(C33=0,"",SUBTOTAL(3,C$5:C33)) -> 29 | B33: 6 | C33: A380 | D33: =VLOOKUP(C33,Sheet4!$A$1:$B$300,2,0) -> 8721755467 | E33: Nguyễn Hoài Phong | F33: =VLOOKUP(D33,'Sheet1 (2)'!$D$11:$F$338,3,0) -> Nguyễn Hoài Phong | G33: =VLOOKUP(C33,'chuyển xếp 2024'!$C$5:$W$328,21,0) -> 6647000 | H33: =VLOOKUP(C33,'chuyển xếp 2024'!$C$5:$W$328,19,0) -> 0 | I33: Nam | J33: =IF(I33="nữ",0,1) -> 1 | K33: Kinh | L33: Không | N33: Phòng TT | O33: 35117 | P33: 44044 | Q33: Không xác định | R33: 14/HĐ-PNHC/2020 | S33: =DATEDIF(P33,TODAY(),"Y") & " NĂM " &DATEDIF(P33,TODAY(),"YM") & " THÁNG " & DATEDIF(P33,TODAY(), "MD") & " NGÀY " -> 6 NĂM 0 THÁNG 18 NGÀY | T33: 341792633 | U33: =VLOOKUP(C33,Sheet5!$B$2:$G$253,6,0) -> 089096016279 | AG33: 40840 | AI33: Cục cảnh sát QLHC về TTXH | AJ33: Xã Hòa An, Tp.Cao Lãnh, Tỉnh Đồng Tháp. | AK33: Số 697, Nguyễn Hữu Kiến, Ấp Hòa Long, Xã Hòa An, Tp.Cao Lãnh, Tỉnh Đồng Tháp. | AL33: Hẻm 1, KV1 Trần Vĩnh Kiết, P.An Bình, TP Cần Thơ | AN33: Đại học | AO33: Phát triển nông thôn | AP33: Do Trưởng phòng phân công công việc | AQ33: =DATEDIF(O33,TODAY(),"y") -> 30
A34: =IF(C34=0,"",SUBTOTAL(3,C$5:C34)) -> 30 | B34: 7 | C34: A344 | D34: =VLOOKUP(C34,Sheet4!$A$1:$B$300,2,0) -> 9216023766 | E34: Lê Trọng Nhơn | F34: =VLOOKUP(D34,'Sheet1 (2)'!$D$11:$F$338,3,0) -> Lê Trọng Nhơn | G34: =VLOOKUP(C34,'chuyển xếp 2024'!$C$5:$W$328,17,0) -> 7105000 | H34: 2205000 | I34: Nam | J34: =IF(I34="nữ",0,1) -> 1 | K34: Kinh | L34: Không | M34: Phụ trách phòng | N34: Phòng TT | O34: 33633 | P34: 42736 | Q34: Không xác định | R34: 05 /HĐ/PBHC/17 | S34: =DATEDIF(P34,TODAY(),"Y") & " NĂM " &DATEDIF(P34,TODAY(),"YM") & " THÁNG " & DATEDIF(P34,TODAY(), "MD") & " NGÀY " -> 9 NĂM 7 THÁNG 18 NGÀY | T34: 087092017349 | U34: =VLOOKUP(C34,Sheet5!$B$2:$G$253,6,0) -> 087092017349 | AI34: Cục cảnh sát QLHC về TTXH | AJ34: Xã Vĩnh Thới, Huyện Lai Vung, Tỉnh Đồng Tháp. | AK34: 1312 ấp Hòa Định, Xã Vĩnh Thới, Huyện Lai Vung, Tỉnh Đồng Tháp. | AL34: 1312 ấp Hòa Định, Xã Vĩnh Thới, Huyện Lai Vung, Tỉnh Đồng Tháp. | AM34: 0981205448 | AN34: Đại học | AO34: Công nghệ hóa học | AP34: Do Trưởng phòng phân công công việc | AQ34: =DATEDIF(O34,TODAY(),"y") -> 34
A35: =IF(C35=0,"",SUBTOTAL(3,C$5:C35)) -> 31 | B35: 8 | C35: A394 | D35: =VLOOKUP(C35,Sheet4!$A$1:$B$300,2,0) -> 9222451383 | E35: Nguyễn Hứa Kim Thảo | F35: =VLOOKUP(D35,'Sheet1 (2)'!$D$11:$F$338,3,0) -> Nguyễn Hứa Kim Thảo | G35: =VLOOKUP(C35,'chuyển xếp 2024'!$C$5:$W$328,21,0) -> 5466000 | H35: =VLOOKUP(C35,'chuyển xếp 2024'!$C$5:$W$328,19,0) -> 0 | I35: Nữ | J35: =IF(I35="nữ",0,1) -> 0 | K35: Kinh | L35: Không | N35: Phòng TT | O35: 35524 | P35: 44805 | Q35: Không xác định | R35: 29/HĐ-PBHC/2022 | S35: =DATEDIF(P35,TODAY(),"Y") & " NĂM " &DATEDIF(P35,TODAY(),"YM") & " THÁNG " & DATEDIF(P35,TODAY(), "MD") & " NGÀY " -> 3 NĂM 11 THÁNG 18 NGÀY | T35: 092197011285 | U35: =VLOOKUP(C35,Sheet5!$B$2:$G$253,6,0) -> 092197011285 | AG35: 44440 | AI35: Cục cảnh sát QLHC về TTXH | AJ35: H. Thới Lai, TP. Cần Thơ | AK35: 66/1 Huỳnh Phan Hộ, P. Trà An, Q. Bình Thủy, TP. Cần Thơ | AL35: 66/1 Huỳnh Phan Hộ, P. Trà An, Q. Bình Thủy, TP. Cần Thơ | AM35: 0907 199 744 | AN35: Cao Đẳng | AO35: Quản trị văn phòng | AP35: Do Trưởng phòng phân công công việc | AQ35: =DATEDIF(O35,TODAY(),"y") -> 29
A36: =IF(C36=0,"",SUBTOTAL(3,C$5:C36)) -> 32 | B36: 9 | C36: A397 | D36: =VLOOKUP(C36,Sheet4!$A$1:$B$300,2,0) -> 9208016265 | E36: Mạch Chí Thiện | F36: =VLOOKUP(D36,'Sheet1 (2)'!$D$11:$F$338,3,0) -> Mạch Chí Thiện | G36: =VLOOKUP(C36,'chuyển xếp 2024'!$C$5:$W$328,21,0) -> #N/A | H36: =VLOOKUP(C36,'chuyển xếp 2024'!$C$5:$W$328,19,0) -> #N/A | I36: Nam | J36: =IF(I36="nữ",0,1) -> 1 | K36: Kinh | L36: Không | N36: Phòng TT | O36: 30482 | P36: 44866 | Q36: Không xác định | R36: 33/HĐ-PBHC/2022 | S36: =DATEDIF(P36,TODAY(),"Y") & " NĂM " &DATEDIF(P36,TODAY(),"YM") & " THÁNG " & DATEDIF(P36,TODAY(), "MD") & " NGÀY " -> 3 NĂM 9 THÁNG 18 NGÀY | T36: 086083000292 | U36: =VLOOKUP(C36,Sheet5!$B$2:$G$253,6,0) -> 086083000292 | AG36: 44326 | AI36: Cục cảnh sát QLHC về TTXH | AJ36: Xã Trung Hiệp, H. Vũng Liêm, T. Vĩnh Long | AK36: KV Tân Quới, P. Tân Hưng, Q.Thốt Nốt, TP. Cần Thơ | AL36: KV Tân Quới, P. Tân Hưng, Q.Thốt Nốt, TP. Cần Thơ | AN36: Đại học | AO36: Công nghệ hóa học | AP36: Do Trưởng phòng phân công công việc | AQ36: =DATEDIF(O36,TODAY(),"y") -> 43
A37: =IF(C37=0,"",SUBTOTAL(3,C$5:C37)) -> 33 | B37: 10 | C37: A403 | D37: =VLOOKUP(C37,Sheet4!$A$1:$B$300,2,0) -> 8922957383 | E37: Ngô Văn Tài | F37: =VLOOKUP(D37,'Sheet1 (2)'!$D$11:$F$338,3,0) -> Ngô Văn Tài | G37: =VLOOKUP(C37,'chuyển xếp 2024'!$C$5:$W$328,21,0) -> 6271000 | H37: =VLOOKUP(C37,'chuyển xếp 2024'!$C$5:$W$328,19,0) -> 0 | I37: Nam | J37: =IF(I37="nữ",0,1) -> 1 | K37: Kinh | L37: Không | N37: Phòng TT | O37: 35231 | P37: 45113 | Q37: Không xác định | R37: 24/HĐ-PBHC/2023 | S37: =DATEDIF(P37,TODAY(),"Y") & " NĂM " &DATEDIF(P37,TODAY(),"YM") & " THÁNG " & DATEDIF(P37,TODAY(), "MD") & " NGÀY " -> 3 NĂM 1 THÁNG 13 NGÀY | T37: 089096013188 | U37: 089096013188 | AG37: 44421 | AI37: Cục cảnh sát QLHC về TTXH | AJ37: Phú mỹ Hạ, Phú Thọ, Phú Tân, An Giang | AK37: Phú mỹ Hạ, Phú Thọ, Phú Tân, An Giang | AL37: Phú mỹ Hạ, Phú Thọ, Phú Tân, An Giang | AN37: Đại học | AP37: Do Trưởng phòng phân công công việc | AQ37: =DATEDIF(O37,TODAY(),"y") -> 30
A38: =IF(C38=0,"",SUBTOTAL(3,C$5:C38)) -> 34 | B38: 12 | C38: A283 | D38: =VLOOKUP(C38,Sheet4!$A$1:$B$300,2,0) -> 9214000894 | E38: Cao Văn Được | F38: =VLOOKUP(D38,'Sheet1 (2)'!$D$11:$F$338,3,0) -> Cao Văn Được | G38: =VLOOKUP(C38,'chuyển xếp 2024'!$C$5:$W$328,21,0) -> 6785000 | H38: =VLOOKUP(C38,'chuyển xếp 2024'!$C$5:$W$328,19,0) -> 0 | I38: Nam | J38: =IF(I38="nữ",0,1) -> 1 | K38: Kinh | L38: Không | N38: Phòng TT | O38: 32488 | P38: 41641 | Q38: Không xác định | R38: 65 /HĐ/PBHC/16 | S38: =DATEDIF(P38,TODAY(),"Y") & " NĂM " &DATEDIF(P38,TODAY(),"YM") & " THÁNG " & DATEDIF(P38,TODAY(), "MD") & " NGÀY " -> 12 NĂM 7 THÁNG 17 NGÀY | T38: 092088000675 | U38: =VLOOKUP(C38,Sheet5!$B$2:$G$253,6,0) -> 092088000675 | AG38: 42299 | AI38: Cục cảnh sát QLHC về TTXH | AJ38: Xã Thạnh Phú, Huyện Vĩnh Thạnh, TP.Cần Thơ. | AK38: KV Thới Mỹ, Phường Thới Long, Quận Ô Môn, Thành phố Cần Thơ. | AL38: 180 Nguyễn Đệ, P. An Thới, Q. Bình Thủy, TP Cần Thơ | AN38: Đại học | AO38: KT Ngoại Thương | AP38: Do Trưởng bộ phận phân công công việc | AQ38: =DATEDIF(O38,TODAY(),"y") -> 37
A39: =IF(C39=0,"",SUBTOTAL(3,C$5:C39)) -> 35 | B39: 13 | C39: A418 | D39: 8913009900 | E39: Lê Thanh Đạm | F39: =VLOOKUP(D39,'Sheet1 (2)'!$D$11:$F$338,3,0) -> Lê Thanh Đạm | G39: 5955000 | I39: Nam | J39: =IF(I39="nữ",0,1) -> 1 | K39: Kinh | L39: Không | N39: Phòng TT | O39: 31692 | P39: 45627 | Q39: 12 tháng | R39: 56//HĐ-PBHC/2024 | S39: =DATEDIF(P39,TODAY(),"Y") & " NĂM " &DATEDIF(P39,TODAY(),"YM") & " THÁNG " & DATEDIF(P39,TODAY(), "MD") & " NGÀY " -> 1 NĂM 8 THÁNG 18 NGÀY | T39: 089086005984 | U39: 089086005984 | AG39: 44205 | AI39: Cục cảnh sát QLHC về TTXH | AJ39: Kiến An- Chợ Mới- An Giang | AK39: Ấp Hòa Hạ-Kiến An- Chợ Mới- An Giang | AL39: Kiến An- Chợ Mới- An Giang | AM39: 0353857516 | AN39: Đại học | AO39: Phát triển nông thôn | AP39: Do Trưởng phòng phân công công việc | AQ39: =DATEDIF(O39,TODAY(),"y") -> 39
A40: =IF(C40=0,"",SUBTOTAL(3,C$5:C40)) -> 36 | B40: 14 | C40: A420 | D40: 9622993923 | E40: Nguyễn Kiều Ly | F40: =VLOOKUP(D40,'Sheet1 (2)'!$D$11:$F$338,3,0) -> Nguyễn Kiều Ly | G40: 6135000 | I40: Nữ | J40: =IF(I40="nữ",0,1) -> 0 | K40: Kinh | L40: Không | N40: Phòng TT | O40: 35107 | P40: 45717 | Q40: 12 tháng | R40: 02/HĐ-PBHC/2025 | S40: =DATEDIF(P40,TODAY(),"Y") & " NĂM " &DATEDIF(P40,TODAY(),"YM") & " THÁNG " & DATEDIF(P40,TODAY(), "MD") & " NGÀY " -> 1 NĂM 5 THÁNG 18 NGÀY | T40: 096196008540 | U40: 096196008540 | AG40: 44853 | AI40: Cục cảnh sát QLHC về TTXH | AJ40: Xã Hoà Tân, Tp Cà Mau, tỉnh Cà Mau | AK40: 79, KV Bình Thuận, Trường Lạc, Ô Môn, Tp Cần Thơ | AL40: 79, KV Bình Thuận, Trường Lạc, Ô Môn, Tp Cần Thơ | AM40: 944194914 | AN40: Đại học | AO40: Quản lý đất đai | AP40: Do Trưởng phòng phân công công việc
A41: =IF(C41=0,"",SUBTOTAL(3,C$5:C41)) -> 37 | B41: 1 | C41: A198 | D41: =VLOOKUP(C41,Sheet4!$A$1:$B$300,2,0) -> 5803003379 | E41: Nguyễn Duy Vũ | F41: =VLOOKUP(D41,'Sheet1 (2)'!$D$11:$F$338,3,0) -> Nguyễn Duy Vũ | G41: =VLOOKUP(C41,'chuyển xếp 2024'!$C$5:$W$328,21,0) -> 19950000 | H41: =VLOOKUP(C41,'chuyển xếp 2024'!$C$5:$W$328,19,0) -> 0 | I41: Nam | J41: =IF(I41="nữ",0,1) -> 1 | K41: Kinh | L41: Không | M41: Kế toán trưởng | N41: Phòng KTTC | O41: 28767 | P41: 39265 | Q41: Không xác định | R41: 42 /HĐ/PBHC/16 | S41: =DATEDIF(P41,TODAY(),"Y") & " NĂM " &DATEDIF(P41,TODAY(),"YM") & " THÁNG " & DATEDIF(P41,TODAY(), "MD") & " NGÀY " -> 19 NĂM 1 THÁNG 17 NGÀY | T41: 082078026532 | U41: =VLOOKUP(C41,Sheet5!$B$2:$G$253,6,0) -> 082078026532 | AI41: Cục cảnh sát QLHC về TTXH | AJ41: Xã Long Hòa, Thị xã Gò Công, Tỉnh Tiền Giang. | AK41: 9113 Ấp Kim Liên, Xã Long Hòa, Thị xã Gò Công, Tỉnh Tiền Giang. | AL41: Đường số 32 KDC Ngân Thuận, P. Bình Thủy, Q. Bình Thủy, TP Cần Thơ | AN41: Đại học | AO41: QTKD | AP41: Do Trưởng phòng phân công công việc | AQ41: =DATEDIF(O41,TODAY(),"y") -> 47
A42: =IF(C42=0,"",SUBTOTAL(3,C$5:C42)) -> 38 | B42: 2 | C42: A235 | D42: =VLOOKUP(C42,Sheet4!$A$1:$B$300,2,0) -> 9210009440 | E42: Phùng Thị Ngọc Thanh | F42: =VLOOKUP(D42,'Sheet1 (2)'!$D$11:$F$338,3,0) -> Phùng Thị Ngọc Thanh | G42: =VLOOKUP(C42,'chuyển xếp 2024'!$C$5:$W$328,17,0) -> 7673000 | H42: =VLOOKUP(C42,'chuyển xếp 2024'!$C$5:$W$328,19,0) -> 1892000 | I42: Nữ | J42: =IF(I42="nữ",0,1) -> 0 | K42: Kinh | L42: Không | M42: Phó phòng | N42: Phòng KTTC | O42: 31943 | P42: 40340 | Q42: Không xác định | R42: 43 /HĐ/PBHC/16 | S42: =DATEDIF(P42,TODAY(),"Y") & " NĂM " &DATEDIF(P42,TODAY(),"YM") & " THÁNG " & DATEDIF(P42,TODAY(), "MD") & " NGÀY " -> 16 NĂM 2 THÁNG 8 NGÀY | T42: 092187005527 | U42: =VLOOKUP(C42,Sheet5!$B$2:$G$253,6,0) -> 092187005527 | AI42: Cục cảnh sát QLHC về TTXH | AJ42: Phường Trà Nóc, Quận Bình Thuỷ, Thành phố Cần Thơ. | AK42: 96B/8 Hẻm 8A, Nguyễn Chí Thanh, Tổ 8, KV1, Phường Trà Nóc, Quận Bình Thủy, TP.Cần Thơ. | AL42: 96B/8 Hẻm 8A, Nguyễn Chí Thanh, Tổ 8, KV1, Phường Trà Nóc, Quận Bình Thủy, TP.Cần Thơ. | AN42: Đại học | AO42: Kế toán tài chính | AP42: Do Trưởng phòng phân công công việc | AQ42: =DATEDIF(O42,TODAY(),"y") -> 39
A43: =IF(C43=0,"",SUBTOTAL(3,C$5:C43)) -> 39 | B43: 3 | C43: A245 | D43: =VLOOKUP(C43,Sheet4!$A$1:$B$300,2,0) -> 9211007268 | E43: Trần Thị Lệ Thúy | F43: =VLOOKUP(D43,'Sheet1 (2)'!$D$11:$F$338,3,0) -> Trần Thị Lệ Thúy | G43: =VLOOKUP(C43,'chuyển xếp 2024'!$C$5:$W$328,17,0) -> 5903000 | H43: =VLOOKUP(C43,'chuyển xếp 2024'!$C$5:$W$328,19,0) -> 473000 | I43: Nữ | J43: =IF(I43="nữ",0,1) -> 0 | K43: Kinh | L43: Không | N43: Phòng KTTC | O43: 32193 | P43: 40634 | Q43: Không xác định | R43: 44 /HĐ/PBHC/16 | S43: =DATEDIF(P43,TODAY(),"Y") & " NĂM " &DATEDIF(P43,TODAY(),"YM") & " THÁNG " & DATEDIF(P43,TODAY(), "MD") & " NGÀY " -> 15 NĂM 4 THÁNG 18 NGÀY | T43: 051188000559 | U43: =VLOOKUP(C43,Sheet5!$B$2:$G$253,6,0) -> 051188000559 | AG43: 43685 | AI43: Cục cảnh sát QLHC về TTXH | AJ43: Xã Phổ Thạnh, Huyện Đức Phổ, Tỉnh Quảng Ngãi. | AK43: 196 đường số 5, KDC Thới Nhựt 2, P. An Khánh, Q. Ninh Kiều, TP Cần Thơ | AL43: 196 đường số 5, KDC Thới Nhựt 2, P. An Khánh, Q. Ninh Kiều, TP Cần Thơ | AN43: Trung cấp | AO43: Kế toán | AP43: Do Trưởng phòng phân công công việc | AQ43: =DATEDIF(O43,TODAY(),"y") -> 38
A44: =IF(C44=0,"",SUBTOTAL(3,C$5:C44)) -> 40 | B44: 4 | C44: A363 | D44: =VLOOKUP(C44,Sheet4!$A$1:$B$300,2,0) -> 9221280985 | E44: Nguyễn Thị Hà Thảo | F44: =VLOOKUP(D44,'Sheet1 (2)'!$D$11:$F$338,3,0) -> Nguyễn Thị Hà Thảo | G44: =VLOOKUP(C44,'chuyển xếp 2024'!$C$5:$W$328,21,0) -> 7105000 | H44: =VLOOKUP(C44,'chuyển xếp 2024'!$C$5:$W$328,19,0) -> 0 | I44: Nữ | J44: =IF(I44="nữ",0,1) -> 0 | K44: Kinh | L44: Không | N44: Phòng KTTC | O44: 33223 | P44: 43313 | Q44: Không xác định | R44: 20.8 /HĐ-PBHC/19 | S44: =DATEDIF(P44,TODAY(),"Y") & " NĂM " &DATEDIF(P44,TODAY(),"YM") & " THÁNG " & DATEDIF(P44,TODAY(), "MD") & " NGÀY " -> 8 NĂM 0 THÁNG 18 NGÀY | T44: 092190008576 | U44: =VLOOKUP(C44,Sheet5!$B$2:$G$253,6,0) -> 092190008576 | AI44: Cục cảnh sát QLHC về TTXH | AJ44: Phường Hưng Lợi, Quận Ninh Kiều, TP.Cần Thơ. | AK44: 68/39, Đường 3-2, Phường Hưng Lợi, Quận Ninh Kiều, TP.Cần Thơ. | AL44: 68/39, Đường 3-2, Phường Hưng Lợi, Quận Ninh Kiều, TP.Cần Thơ. | AN44: Đại học | AO44: Tài chính Ngân hàng | AP44: Do Trưởng phòng phân công công việc | AQ44: =DATEDIF(O44,TODAY(),"y") -> 35
A45: =IF(C45=0,"",SUBTOTAL(3,C$5:C45)) -> 41 | B45: 5 | C45: A379 | D45: =VLOOKUP(C45,Sheet4!$A$1:$B$300,2,0) -> 9221417204 | E45: Tiêu Tú Châu | F45: =VLOOKUP(D45,'Sheet1 (2)'!$D$11:$F$338,3,0) -> Tiêu Tú Châu | G45: =VLOOKUP(C45,'chuyển xếp 2024'!$C$5:$W$328,21,0) -> 7105000 | H45: =VLOOKUP(C45,'chuyển xếp 2024'!$C$5:$W$328,19,0) -> 0 | I45: Nữ | J45: =IF(I45="nữ",0,1) -> 0 | K45: Kinh | L45: Không | N45: Phòng KTTC | O45: 35559 | P45: 44013 | Q45: Không xác định | R45: 13/HĐ/PBHC/20 | S45: =DATEDIF(P45,TODAY(),"Y") & " NĂM " &DATEDIF(P45,TODAY(),"YM") & " THÁNG " & DATEDIF(P45,TODAY(), "MD") & " NGÀY " -> 6 NĂM 1 THÁNG 18 NGÀY | T45: 092197003248 | U45: =VLOOKUP(C45,Sheet5!$B$2:$G$253,6,0) -> 092197003248 | AG45: 44317 | AI45: Cục cảnh sát QLHC về TTXH | AJ45: Phường An Lạc, Quận Ninh Kiều, TP.Cần Thơ. | AK45: 456A KV Thạnh Hòa, P.Phú Thứ, Q. Cái Răng, TP Cần Thơ | AL45: 456A KV Thạnh Hòa, P.Phú Thứ, Q. Cái Răng, TP Cần Thơ | AN45: Đại học | AO45: Kế toán | AP45: Do Trưởng phòng phân công công việc | AQ45: =DATEDIF(O45,TODAY(),"y") -> 29
A46: =IF(C46=0,"",SUBTOTAL(3,C$5:C46)) -> 42 | B46: 6 | C46: A406 | D46: =VLOOKUP(C46,Sheet4!$A$1:$B$300,2,0) -> 8422038337 | E46: Hà Minh Hiền | F46: =VLOOKUP(D46,'Sheet1 (2)'!$D$11:$F$338,3,0) -> Hà Minh Hiền | G46: =VLOOKUP(C46,'chuyển xếp 2024'!$C$5:$W$328,21,0) -> 6579000 | H46: =VLOOKUP(C46,'chuyển xếp 2024'!$C$5:$W$328,19,0) -> 0 | I46: Nam | J46: =IF(I46="nữ",0,1) -> 1 | K46: Kinh | L46: Không | N46: Phòng KTTC | O46: 36290 | P46: 45170 | Q46: Không xác định | R46: 27/HĐ/PBHC/2023 | S46: =DATEDIF(P46,TODAY(),"Y") & " NĂM " &DATEDIF(P46,TODAY(),"YM") & " THÁNG " & DATEDIF(P46,TODAY(), "MD") & " NGÀY " -> 2 NĂM 11 THÁNG 18 NGÀY | T46: 084099000465 | U46: 084099000465 | AG46: 44286 | AI46: Cục cảnh sát QLHC về TTXH | AJ46: TT Long Thành, huyện Duyên Hải, tỉnh Trà Vinh | AK46: Khóm 5,TT Long Thành, huyện Duyên Hải, tỉnh Trà Vinh | AL46: Khóm 5,TT Long Thành, huyện Duyên Hải, tỉnh Trà Vinh | AN46: Đại học | AO46: Kế toán | AP46: Do Trưởng phòng phân công công việc | AQ46: =DATEDIF(O46,TODAY(),"y") -> 27
A47: =IF(C47=0,"",SUBTOTAL(3,C$5:C47)) -> 43 | B47: 7 | C47: A407 | D47: =VLOOKUP(C47,Sheet4!$A$1:$B$300,2,0) -> 9315000203 | E47: Phạm Thị Ngọc Quyên | F47: =VLOOKUP(D47,'Sheet1 (2)'!$D$11:$F$338,3,0) -> Phạm Thị Ngọc Quyên | G47: =VLOOKUP(C47,'chuyển xếp 2024'!$C$5:$W$328,21,0) -> 6579000 | H47: =VLOOKUP(C47,'chuyển xếp 2024'!$C$5:$W$328,19,0) -> 0 | I47: Nữ | J47: =IF(I47="nữ",0,1) -> 0 | K47: Kinh | L47: Không | N47: Phòng KTTC | O47: 33605 | P47: 45170 | Q47: Không xác định | R47: 28/HĐ/PBHC/2023 | S47: =DATEDIF(P47,TODAY(),"Y") & " NĂM " &DATEDIF(P47,TODAY(),"YM") & " THÁNG " & DATEDIF(P47,TODAY(), "MD") & " NGÀY " -> 2 NĂM 11 THÁNG 18 NGÀY | T47: 092192007009 | U47: 092192007009 | AG47: 44421 | AI47: Cục cảnh sát QLHC về TTXH | AJ47: phường Thới Bình, quận Ninh Kiều, Tp Cần Thơ | AK47: 46/8 Lê Anh Xuân, P, Thới Bình, Q Ninh Kiều, Tp Cần Thơ | AL47: 46/8 Lê Anh Xuân, P, Thới Bình, Q Ninh Kiều, Tp Cần Thơ | AN47: Đại học | AO47: Kế toán | AP47: Do Trưởng phòng phân công công việc | AQ47: =DATEDIF(O47,TODAY(),"y") -> 34
A48: =IF(C48=0,"",SUBTOTAL(3,C$5:C48)) -> 44 | B48: 8 | C48: A411 | D48: =VLOOKUP(C48,Sheet4!$A$1:$B$300,2,0) -> 9212006618 | E48: Lê Thị Tố Uyên | F48: =VLOOKUP(D48,'Sheet1 (2)'!$D$11:$F$338,3,0) -> Lê Thị Tố Uyên | G48: =VLOOKUP(C48,'chuyển xếp 2024'!$C$5:$W$328,21,0) -> 6579000 | H48: =VLOOKUP(C48,'chuyển xếp 2024'!$C$5:$W$328,19,0) -> 0 | I48: Nữ | J48: =IF(I48="nữ",0,1) -> 0 | K48: Kinh | L48: Không | N48: Phòng KTTC | O48: 33216 | P48: 45254 | Q48: Không xác định | R48: 60/HĐ/PBHC/2023 | S48: =DATEDIF(P48,TODAY(),"Y") & " NĂM " &DATEDIF(P48,TODAY(),"YM") & " THÁNG " & DATEDIF(P48,TODAY(), "MD") & " NGÀY " -> 2 NĂM 8 THÁNG 26 NGÀY | T48: 089190008954 | U48: 089190008954 | AG48: 44866 | AI48: Cục cảnh sát QLHC về TTXH | AJ48: Giai Xuân -huyện Phong Điền-Tp Cần Thơ | AK48: Tân Bình, Giai Xuân -huyện Phong Điền-Tp Cần Thơ | AN48: Đại học | AO48: Kế toán | AP48: Do Trưởng phòng phân công công việc | AQ48: =DATEDIF(O48,TODAY(),"y") -> 35
A49: =IF(C49=0,"",SUBTOTAL(3,C$5:C49)) -> 45 | B49: 1 | C49: A112 | D49: =VLOOKUP(C49,Sheet4!$A$1:$B$300,2,0) -> 5400002895 | E49: Nguyễn Ngọc Diệp Trang | F49: =VLOOKUP(D49,'Sheet1 (2)'!$D$11:$F$338,3,0) -> Nguyễn Ngọc Diệp Trang | G49: =VLOOKUP(C49,'chuyển xếp 2024'!$C$5:$W$328,17,0) -> 8950000 | H49: =VLOOKUP(C49,'chuyển xếp 2024'!$C$5:$W$328,19,0) -> 2365000 | I49: Nữ | J49: =IF(I49="nữ",0,1) -> 0 | K49: Kinh | L49: Không | M49: Trưởng phòng | N49: Phòng XNK | O49: 26439 | P49: 36418 | Q49: Không xác định | R49: 47 /HĐ/PBHC/16 | S49: =DATEDIF(P49,TODAY(),"Y") & " NĂM " &DATEDIF(P49,TODAY(),"YM") & " THÁNG " & DATEDIF(P49,TODAY(), "MD") & " NGÀY " -> 26 NĂM 11 THÁNG 4 NGÀY | T49: 086172005389 | U49: =VLOOKUP(C49,Sheet5!$B$2:$G$253,6,0) -> 086172005389 | AI49: Cục cảnh sát QLHC về TTXH | AJ49: Phường Xuân Khánh, Quận Ninh Kiều, Thành phố Cần Thơ. | AK49: 385/14B, KV2, Phường An Khánh, Quận Ninh Kiều, TP.Cần Thơ. | AL49: 385/14B, KV2, Phường An Khánh, Quận Ninh Kiều, TP.Cần Thơ. | AN49: Đại học | AO49: Sư phạm Anh văn | AP49: Theo chức năng nhiệm vụ được TGĐ giao | AQ49: =DATEDIF(O49,TODAY(),"y") -> 54
A50: =IF(C50=0,"",SUBTOTAL(3,C$5:C50)) -> 46 | B50: 2 | C50: A395 | D50: =VLOOKUP(C50,Sheet4!$A$1:$B$300,2,0) -> 9222599442 | E50: Ngô Thanh Vy | F50: =VLOOKUP(D50,'Sheet1 (2)'!$D$11:$F$338,3,0) -> Ngô Thanh Vy | G50: =VLOOKUP(C50,'chuyển xếp 2024'!$C$5:$W$328,21,0) -> 6579000 | H50: =VLOOKUP(C50,'chuyển xếp 2024'!$C$5:$W$328,19,0) -> 0 | I50: Nữ | J50: =IF(I50="nữ",0,1) -> 0 | K50: Kinh | L50: Không | N50: Phòng XNK | O50: 36882 | P50: 44805 | Q50: Không xác định | R50: 30/HĐ-PBHC/2022 | S50: =DATEDIF(P50,TODAY(),"Y") & " NĂM " &DATEDIF(P50,TODAY(),"YM") & " THÁNG " & DATEDIF(P50,TODAY(), "MD") & " NGÀY " -> 3 NĂM 11 THÁNG 18 NGÀY | T50: 092300000192 | U50: =VLOOKUP(C50,Sheet5!$B$2:$G$253,6,0) -> 092300000192 | AG50: 44306 | AI50: Cục cảnh sát QLHC về TTXH | AJ50: Phường An Khánh, Quận Ninh Kiều ,TP Cần Thơ | AK50: 385K Trần Nam Phú, KV2, P. An Khánh, Q. Ninh Kiều, TP. Cần Thơ | AL50: 385K Trần Nam Phú, KV2, P. An Khánh, Q. Ninh Kiều, TP. Cần Thơ | AM50: 0898 843 200 | AN50: Đại học | AO50: Kinh tế tài nguyên thiên nhiên | AP50: Do Trưởng phòng phân công công việc | AQ50: =DATEDIF(O50,TODAY(),"y") -> 25
A51: =IF(C51=0,"",SUBTOTAL(3,C$5:C51)) -> 47 | B51: 1 | C51: A154 | D51: =VLOOKUP(C51,Sheet4!$A$1:$B$300,2,0) -> 6504006864 | E51: Phan Thị Minh Diễn | F51: =VLOOKUP(D51,'Sheet1 (2)'!$D$11:$F$338,3,0) -> Phan Thị Minh Diễn | G51: =VLOOKUP(C51,'chuyển xếp 2024'!$C$5:$W$328,17,0) -> 8950000 | H51: =VLOOKUP(C51,'chuyển xếp 2024'!$C$5:$W$328,19,0) -> 2365000 | I51: Nữ | J51: =IF(I51="nữ",0,1) -> 0 | K51: Kinh | L51: Không | M51: Trưởng phòng | N51: Phòng TCHC | O51: 29531 | P51: 38078 | Q51: Không xác định | R51: 41 /HĐ/PBHC/16 | S51: =DATEDIF(P51,TODAY(),"Y") & " NĂM " &DATEDIF(P51,TODAY(),"YM") & " THÁNG " & DATEDIF(P51,TODAY(), "MD") & " NGÀY " -> 22 NĂM 4 THÁNG 18 NGÀY | T51: 045180000015 | U51: =VLOOKUP(C51,Sheet5!$B$2:$G$253,6,0) -> 045180000015 | AG51: 44699 | AI51: Cục cảnh sát QLHC về TTXH | AJ51: Xã Triệu Trạch, Huyện Triệu Phong, Tỉnh Quảng Trị. | AK51: 30D/4 KV1, Lê Hồng Phong, Phường Trà Nóc, Quận Bình Thuỷ, Thành phố Cần Thơ. | AL51: 30D/4 KV1, Lê Hồng Phong, Phường Trà Nóc, Quận Bình Thuỷ, Thành phố Cần Thơ. | AN51: Đại học | AO51: Tài chính tín dụng | AP51: Do Trưởng phòng phân công công việc | AQ51: =DATEDIF(O51,TODAY(),"y") -> 45
A52: =IF(C52=0,"",SUBTOTAL(3,C$5:C52)) -> 48 | B52: 2 | C52: A250 | D52: =VLOOKUP(C52,Sheet4!$A$1:$B$300,2,0) -> 5303001410 | E52: Bùi Hữu Thọ | F52: =VLOOKUP(D52,'Sheet1 (2)'!$D$11:$F$338,3,0) -> Bùi Hữu Thọ | G52: =VLOOKUP(C52,'chuyển xếp 2024'!$C$5:$W$328,17,0) -> 8950000 | H52: =VLOOKUP(C52,'chuyển xếp 2024'!$C$5:$W$328,19,0) -> 2365000 | I52: Nam | J52: =IF(I52="nữ",0,1) -> 1 | K52: Kinh | L52: Không | M52: Phó phòng | N52: Phòng TCHC | O52: 26764 | P52: 40781 | Q52: Không xác định | R52: 52 /HĐ/PBHC/16 | S52: =DATEDIF(P52,TODAY(),"Y") & " NĂM " &DATEDIF(P52,TODAY(),"YM") & " THÁNG " & DATEDIF(P52,TODAY(), "MD") & " NGÀY " -> 14 NĂM 11 THÁNG 24 NGÀY | T52: 092073001086 | U52: =VLOOKUP(C52,Sheet5!$B$2:$G$253,6,0) -> 092073008774 | AI52: Cục cảnh sát QLHC về TTXH | AJ52: Xã Vĩnh Xuân, Huyện Trà Ôn, Tỉnh Vĩnh Long. | AK52: Khu vực 11, phường Châu Văn Liêm, Quận Ô Môn, TP.Cần Thơ. | AN52: Đại học | AO52: QTKD | AP52: Do Trưởng phòng phân công công việc | AQ52: =DATEDIF(O52,TODAY(),"y") -> 53
A53: =IF(C53=0,"",SUBTOTAL(3,C$5:C53)) -> 49 | B53: 3 | C53: A381 | D53: =VLOOKUP(C53,Sheet4!$A$1:$B$300,2,0) -> 9313001993 | E53: Nguyễn Thị Phương Lan | F53: =VLOOKUP(D53,'Sheet1 (2)'!$D$11:$F$338,3,0) -> Nguyễn Thị Phương Lan | G53: =VLOOKUP(C53,'chuyển xếp 2024'!$C$5:$W$328,21,0) -> 7105000 | H53: =VLOOKUP(C53,'chuyển xếp 2024'!$C$5:$W$328,19,0) -> 0 | I53: Nữ | J53: =IF(I53="nữ",0,1) -> 0 | K53: Kinh | L53: Không | N53: Phòng TCHC | O53: 32979 | P53: 44287 | Q53: Không xác định | R53: 13/HĐ/-PBHC/2021 | S53: =DATEDIF(P53,TODAY(),"Y") & " NĂM " &DATEDIF(P53,TODAY(),"YM") & " THÁNG " & DATEDIF(P53,TODAY(), "MD") & " NGÀY " -> 5 NĂM 4 THÁNG 18 NGÀY | T53: 092190007202 | U53: =VLOOKUP(C53,Sheet5!$B$2:$G$253,6,0) -> 092190007202 | AG53: 44421 | AI53: Cục cảnh sát QLHC về TTXH | AJ53: Phường Cái Khế, Quận Ninh Kiều, TP.Cần Thơ. | AK53: 95 đường số 4, Khu TĐC Thới Nhựt 2, KV1, P. An Khánh, Q. Ninh Kiều, TPCT | AN53: Đại học | AO53: KT Ngoại Thương | AP53: Do Trưởng phòng phân công công việc | AQ53: =DATEDIF(O53,TODAY(),"y") -> 36
A54: =IF(C54=0,"",SUBTOTAL(3,C$5:C54)) -> 50 | B54: 4 | C54: A409 | D54: =VLOOKUP(C54,Sheet4!$A$1:$B$300,2,0) -> 9520882642 | E54: Mã Thị Mỹ Huyền | F54: =VLOOKUP(D54,'Sheet1 (2)'!$D$11:$F$338,3,0) -> Mã Thị Mỹ Huyền | G54: =VLOOKUP(C54,'chuyển xếp 2024'!$C$5:$W$328,21,0) -> 6579000 | H54: =VLOOKUP(C54,'chuyển xếp 2024'!$C$5:$W$328,19,0) -> 0 | I54: Nữ | J54: =IF(I54="nữ",0,1) -> 0 | K54: Kinh | L54: Không | N54: Phòng TCHC | O54: 36755 | P54: 45231 | Q54: Không xác định | R54: 58/HĐ/PBHC/2023 | S54: =DATEDIF(P54,TODAY(),"Y") & " NĂM " &DATEDIF(P54,TODAY(),"YM") & " THÁNG " & DATEDIF(P54,TODAY(), "MD") & " NGÀY " -> 2 NĂM 9 THÁNG 18 NGÀY | T54: 095300000727 | U54: 095300000727 | AN54: Đại học | AQ54: =DATEDIF(O54,TODAY(),"y") -> 26
A55: =IF(C55=0,"",SUBTOTAL(3,C$5:C55)) -> 51 | B55: 5 | C55: A389 | D55: =VLOOKUP(C55,Sheet4!$A$1:$B$300,2,0) -> 6505000284 | E55: Ngô Thành Đang | F55: =VLOOKUP(D55,'Sheet1 (2)'!$D$11:$F$338,3,0) -> Ngô Thành Đang | G55: =VLOOKUP(C55,'chuyển xếp 2024'!$C$5:$W$328,21,0) -> 5466000 | H55: =VLOOKUP(C55,'chuyển xếp 2024'!$C$5:$W$328,19,0) -> 0 | I55: Nam | J55: =IF(I55="nữ",0,1) -> 1 | K55: Kinh | L55: Không | N55: Chăm sóc cây | O55: 28559 | P55: 44562 | Q55: Không xác định | R55: 01/HĐ-PBHC/2022 | S55: =DATEDIF(P55,TODAY(),"Y") & " NĂM " &DATEDIF(P55,TODAY(),"YM") & " THÁNG " & DATEDIF(P55,TODAY(), "MD") & " NGÀY " -> 4 NĂM 7 THÁNG 18 NGÀY | T55: 030078000895 | U55: =VLOOKUP(C55,Sheet5!$B$2:$G$253,6,0) -> 030078000895 | AG55: 44269 | AI55: Cục cảnh sát QLHC về TTXH | AK55: 153A Lê Hồng Phong, P. Trà An, Q. Bình Thủy, TP. Cần Thơ | AM55: 0939 595 237 | AN55: Đại học | AO55: Bác sĩ Thú y | AP55: Chăm sóc cây cảnh, cắt cỏ khuôn viên công ty, | AQ55: =DATEDIF(O55,TODAY(),"y") -> 48
A56: =IF(C56=0,"",SUBTOTAL(3,C$5:C56)) -> 52 | B56: 1 | C56: C183 | D56: =VLOOKUP(C56,Sheet4!$A$1:$B$300,2,0) -> 5499003407 | E56: Lê Thị Thu Hồng | F56: =VLOOKUP(D56,'Sheet1 (2)'!$D$11:$F$338,3,0) -> Lê Thị Thu Hồng | G56: =VLOOKUP(C56,'chuyển xếp 2024'!$C$5:$W$328,17,0) -> 7780000 | H56: =VLOOKUP(C56,'chuyển xếp 2024'!$C$5:$W$328,19,0) -> 1419000 | I56: Nữ | J56: =IF(I56="nữ",0,1) -> 0 | K56: Kinh | L56: Không | M56: Chủ nhiệm Kho | N56: Bộ phận kho | O56: 27748 | P56: 35948 | Q56: Không xác định | R56: 63 /HĐ/PBHC/16 | S56: =DATEDIF(P56,TODAY(),"Y") & " NĂM " &DATEDIF(P56,TODAY(),"YM") & " THÁNG " & DATEDIF(P56,TODAY(), "MD") & " NGÀY " -> 28 NĂM 2 THÁNG 17 NGÀY | T56: 054175000014 | U56: =VLOOKUP(C56,Sheet5!$B$2:$G$253,6,0) -> 054175000014 | AG56: 42690 | AI56: Cục cảnh sát QLHC về TTXH | AJ56: Xã An Thạch, Huyện Tuy An, Tỉnh Phú Yên. | AK56: 68/1/11 Trần Phú, Phường Cái Khế, Quận Ninh Kiều, TP.Cần Thơ. | AL56: B42 Nguyễn Thông, P. An Thới, Q. Bình Thủy, TP Cần Thơ | AN56: Sơ cấp | AP56: Theo chức năng nhiệm vụ được TGĐ giao | AQ56: =DATEDIF(O56,TODAY(),"y") -> 50
A57: =IF(C57=0,"",SUBTOTAL(3,C$5:C57)) -> 53 | B57: 2 | C57: B112 | D57: =VLOOKUP(C57,Sheet4!$A$1:$B$300,2,0) -> 6505002767 | E57: Lê Thị Thanh Thúy | F57: =VLOOKUP(D57,'Sheet1 (2)'!$D$11:$F$338,3,0) -> Lê Thị Thanh Thúy | G57: =VLOOKUP(C57,'chuyển xếp 2024'!$C$5:$W$328,21,0) -> #N/A | H57: =VLOOKUP(C57,'chuyển xếp 2024'!$C$5:$W$328,19,0) -> #N/A | I57: Nữ | J57: =IF(I57="nữ",0,1) -> 0 | K57: Kinh | L57: Không | N57: Bộ phận kho | O57: 26944 | P57: 38169 | Q57: Không xác định | R57: 59 /HĐ/PBHC/16 | S57: =DATEDIF(P57,TODAY(),"Y") & " NĂM " &DATEDIF(P57,TODAY(),"YM") & " THÁNG " & DATEDIF(P57,TODAY(), "MD") & " NGÀY " -> 22 NĂM 1 THÁNG 18 NGÀY | T57: 093173012731 | U57: =VLOOKUP(C57,Sheet5!$B$2:$G$253,6,0) -> 093173012731 | AI57: Cục cảnh sát QLHC về TTXH | AJ57: Xã Vĩnh Viễn, Huyện Long Mỹ, Tỉnh Hậu Giang. | AK57: KV Bình An, P. Long Hòa, Q. Bình Thủy, TP Cần Thơ | AL57: KV Bình An, P. Long Hòa, Q. Bình Thủy, TP Cần Thơ | AN57: Sơ cấp | AP57: Do Trưởng bộ phận phân công công việc | AQ57: =DATEDIF(O57,TODAY(),"y") -> 52
A58: =IF(C58=0,"",SUBTOTAL(3,C$5:C58)) -> 54 | B58: 3 | C58: C173 | D58: =VLOOKUP(C58,Sheet4!$A$1:$B$300,2,0) -> 5496032602 | E58: Hồ Xuân Việt | F58: =VLOOKUP(D58,'Sheet1 (2)'!$D$11:$F$338,3,0) -> Hồ Xuân Việt | G58: =VLOOKUP(C58,'chuyển xếp 2024'!$C$5:$W$328,21,0) -> 7780000 | H58: =VLOOKUP(C58,'chuyển xếp 2024'!$C$5:$W$328,19,0) -> 0 | I58: Nam | J58: =IF(I58="nữ",0,1) -> 1 | K58: Kinh | L58: Không | N58: Bộ phận kho | O58: 26308 | P58: 34403 | Q58: Không xác định | R58: 62 /HĐ/PBHC/16 | S58: =DATEDIF(P58,TODAY(),"Y") & " NĂM " &DATEDIF(P58,TODAY(),"YM") & " THÁNG " & DATEDIF(P58,TODAY(), "MD") & " NGÀY " -> 32 NĂM 5 THÁNG 9 NGÀY | T58: 052072013074 | U58: =VLOOKUP(C58,Sheet5!$B$2:$G$253,6,0) -> 052072013074 | AG58: 41949 | AI58: Cục cảnh sát QLHC về TTXH | AJ58: Phường Cái Khế, Quận Ninh Kiều, TP.Cần Thơ. | AK58: 68/1/11 Trần Phú, Phường Cái Khế, Quận Ninh Kiều, TP.Cần Thơ. | AL58: B42 Nguyễn Thông, P. An Thới, Q. Bình Thủy, TP Cần Thơ | AN58: Sơ cấp | AP58: Do Trưởng bộ phận phân công công việc | AQ58: =DATEDIF(O58,TODAY(),"y") -> 54
A59: =IF(C59=0,"",SUBTOTAL(3,C$5:C59)) -> 55 | B59: 4 | C59: D075 | D59: =VLOOKUP(C59,Sheet4!$A$1:$B$300,2,0) -> 9208026155 | E59: Trần Lương Nhân | F59: =VLOOKUP(D59,'Sheet1 (2)'!$D$11:$F$338,3,0) -> Trần Lương Nhân | G59: =VLOOKUP(C59,'chuyển xếp 2024'!$C$5:$W$328,21,0) -> 7073000 | H59: =VLOOKUP(C59,'chuyển xếp 2024'!$C$5:$W$328,19,0) -> 946000 | I59: Nam | J59: =IF(I59="nữ",0,1) -> 1 | K59: Kinh | L59: Không | N59: Bộ phận kho | O59: 29383 | P59: 39742 | Q59: Không xác định | R59: 64 /HĐ/PBHC/16 | S59: =DATEDIF(P59,TODAY(),"Y") & " NĂM " &DATEDIF(P59,TODAY(),"YM") & " THÁNG " & DATEDIF(P59,TODAY(), "MD") & " NGÀY " -> 17 NĂM 9 THÁNG 29 NGÀY | T59: 083080000109 | U59: =VLOOKUP(C59,Sheet5!$B$2:$G$253,6,0) -> 083080000109 | AG59: 42691 | AI59: Cục cảnh sát QLHC về TTXH | AJ59: Xã Sơn Đông, TP.Bến Tre, Tỉnh Bến Tre. | AK59: 135/4 khu vực 1, Phường An Bình, Quận Ninh Kiều, TP.Cần Thơ. | AL59: 135/4 khu vực 1, Phường An Bình, Quận Ninh Kiều, TP.Cần Thơ. | AN59: Sơ cấp | AP59: Do Trưởng bộ phận phân công công việc | AQ59: =DATEDIF(O59,TODAY(),"y") -> 46
A60: =IF(C60=0,"",SUBTOTAL(3,C$5:C60)) -> 56 | B60: 5 | C60: A081 | D60: =VLOOKUP(C60,Sheet4!$A$1:$B$300,2,0) -> 5496032620 | E60: Nguyễn Tất Thắng | F60: =VLOOKUP(D60,'Sheet1 (2)'!$D$11:$F$338,3,0) -> Nguyễn Tất Thắng | G60: =VLOOKUP(C60,'chuyển xếp 2024'!$C$5:$W$328,21,0) -> 7780000 | H60: =VLOOKUP(C60,'chuyển xếp 2024'!$C$5:$W$328,19,0) -> 0 | I60: Nam | J60: =IF(I60="nữ",0,1) -> 1 | K60: Kinh | L60: Không | N60: Bộ phận kho | O60: 25112 | P60: 33055 | Q60: Không xác định | R60: 66 /HĐ/PBHC/16 | S60: =DATEDIF(P60,TODAY(),"Y") & " NĂM " &DATEDIF(P60,TODAY(),"YM") & " THÁNG " & DATEDIF(P60,TODAY(), "MD") & " NGÀY " -> 36 NĂM 1 THÁNG 18 NGÀY | T60: 025068011796 | U60: =VLOOKUP(C60,Sheet5!$B$2:$G$253,6,0) -> 025068011796 | AI60: Cục cảnh sát QLHC về TTXH | AJ60: Xã Xuân Lũng, Huyện Lâm Thao, Tỉnh Phú Thọ. | AK60: 74 Nguyễn Chí Thanh, KV2, P. Trà Nóc, Q. Bình Thủy, TP Cần Thơ | AL60: 74 Nguyễn Chí Thanh, KV2, P. Trà Nóc, Q. Bình Thủy, TP Cần Thơ | AN60: Sơ cấp | AP60: Do Trưởng bộ phận phân công công việc | AQ60: =DATEDIF(O60,TODAY(),"y") -> 57
A61: =IF(C61=0,"",SUBTOTAL(3,C$5:C61)) -> 57 | B61: 6 | C61: A173 | D61: =VLOOKUP(C61,Sheet4!$A$1:$B$300,2,0) -> 6506006784 | E61: Nguyễn Thị Thanh Tâm | F61: =VLOOKUP(D61,'Sheet1 (2)'!$D$11:$F$338,3,0) -> Nguyễn Thị Thanh Tâm | G61: =VLOOKUP(C61,'chuyển xếp 2024'!$C$5:$W$328,21,0) -> 8287000 | H61: =VLOOKUP(C61,'chuyển xếp 2024'!$C$5:$W$328,19,0) -> 0 | I61: Nữ | J61: =IF(I61="nữ",0,1) -> 0 | K61: Kinh | L61: Không | N61: Phòng CN-KCS | O61: 29613 | P61: 38657 | Q61: Không xác định | R61: 79 /HĐ/PBHC/16 | S61: =DATEDIF(P61,TODAY(),"Y") & " NĂM " &DATEDIF(P61,TODAY(),"YM") & " THÁNG " & DATEDIF(P61,TODAY(), "MD") & " NGÀY " -> 20 NĂM 9 THÁNG 18 NGÀY | T61: 042181000294 | U61: =VLOOKUP(C61,Sheet5!$B$2:$G$253,6,0) -> 042181000294 | AG61: 42843 | AI61: Cục cảnh sát QLHC về TTXH | AJ61: Xã Kỳ Văn, Huyện Kỳ Anh, Tỉnh Hà Tĩnh. | AK61: 24 Phạm Hữu Lầu, Phường An Thới, Quận Bình Thuỷ, Thành phố Cần Thơ. | AL61: 27/15 Lê Hồng Phong, P. Trà Nóc, Q. Bình Thủy, TP Cần Thơ | AM61: 0907447417 | AN61: Đại học | AO61: Công nghệ hóa học | AP61: Do Trưởng phòng phân công công việc | AQ61: =DATEDIF(O61,TODAY(),"y") -> 45
A62: =IF(C62=0,"",SUBTOTAL(3,C$5:C62)) -> 58 | B62: 7 | C62: B107 | D62: =VLOOKUP(C62,Sheet4!$A$1:$B$300,2,0) -> 5404002323 | E62: Trần Thị Thiên Giang | F62: =VLOOKUP(D62,'Sheet1 (2)'!$D$11:$F$338,3,0) -> Trần Thị Thiên Giang | G62: =VLOOKUP(C62,'chuyển xếp 2024'!$C$5:$W$328,21,0) -> 7929000 | H62: =VLOOKUP(C62,'chuyển xếp 2024'!$C$5:$W$328,19,0) -> 0 | I62: Nữ | J62: =IF(I62="nữ",0,1) -> 0 | K62: Kinh | L62: Không | N62: Phòng CN-KCS | O62: 30126 | P62: 37803 | Q62: Không xác định | R62: 81 /HĐ/PBHC/16 | S62: =DATEDIF(P62,TODAY(),"Y") & " NĂM " &DATEDIF(P62,TODAY(),"YM") & " THÁNG " & DATEDIF(P62,TODAY(), "MD") & " NGÀY " -> 23 NĂM 1 THÁNG 18 NGÀY | T62: 089182013259 | U62: =VLOOKUP(C62,Sheet5!$B$2:$G$253,6,0) -> 089182013259 | AI62: Cục cảnh sát QLHC về TTXH | AJ62: Phường Bình Đức, TP.Long Xuyên, Tỉnh An Giang. | AK62: D6 tổ 8, KV4, Phường Trà Nóc, Quận Bình Thuỷ, Thành phố Cần Thơ. | AL62: D6 tổ 8, KV4, Phường Trà Nóc, Quận Bình Thuỷ, Thành phố Cần Thơ. | AM62: 0365451155 | AN62: Sơ cấp | AP62: Do Trưởng phòng phân công công việc | AQ62: =DATEDIF(O62,TODAY(),"y") -> 44
